participant_pseudo,window_id,group_a,group_b,label,probability,observable,quality_reason
syn-p001,syn-w001-01,a1,b3_small,0,0.358696,True,
syn-p001,syn-w001-02,a1,b3_small,0,0.135925,True,
syn-p001,syn-w001-03,a1,b3_small,1,0.516056,True,
syn-p001,syn-w001-04,a1,b3_small,1,0.587973,True,
syn-p001,syn-w001-05,a1,b3_small,,,False,synthetic_signal_insufficient
syn-p001,syn-w001-06,a1,b3_small,1,0.924503,True,
syn-p001,syn-w001-07,a1,b3_small,0,0.205336,True,
syn-p001,syn-w001-08,a1,b3_small,0,0.298895,True,
syn-p001,syn-w001-09,a1,b3_small,1,0.897273,True,
syn-p001,syn-w001-10,a1,b3_small,0,0.246322,True,
syn-p002,syn-w002-01,a2,b3_small,0,0.190328,True,
syn-p002,syn-w002-02,a2,b3_small,1,0.752163,True,
syn-p002,syn-w002-03,a2,b3_small,,,False,synthetic_signal_insufficient
syn-p002,syn-w002-04,a2,b3_small,1,0.449997,True,
syn-p002,syn-w002-05,a2,b3_small,1,0.704172,True,
syn-p002,syn-w002-06,a2,b3_small,1,0.299541,True,
syn-p002,syn-w002-07,a2,b3_small,0,0.224322,True,
syn-p002,syn-w002-08,a2,b3_small,0,0.466802,True,
syn-p002,syn-w002-09,a2,b3_small,0,0.087913,True,
syn-p002,syn-w002-10,a2,b3_small,1,0.599844,True,
syn-p003,syn-w003-01,a1,b3_small,0,0.102487,True,
syn-p003,syn-w003-02,a1,b3_small,0,0.129968,True,
syn-p003,syn-w003-03,a1,b3_small,1,0.514779,True,
syn-p003,syn-w003-04,a1,b3_small,0,0.235743,True,
syn-p003,syn-w003-05,a1,b3_small,0,0.212047,True,
syn-p003,syn-w003-06,a1,b3_small,0,0.466283,True,
syn-p003,syn-w003-07,a1,b3_small,1,0.894021,True,
syn-p003,syn-w003-08,a1,b3_small,,,False,synthetic_signal_insufficient
syn-p003,syn-w003-09,a1,b3_small,1,0.784643,True,
syn-p003,syn-w003-10,a1,b3_small,1,0.827353,True,
syn-p004,syn-w004-01,a2,b3_small,1,0.610011,True,
syn-p004,syn-w004-02,a2,b3_small,0,0.434346,True,
syn-p004,syn-w004-03,a2,b3_small,1,0.703308,True,
syn-p004,syn-w004-04,a2,b3_small,1,0.51218,True,
syn-p004,syn-w004-05,a2,b3_small,1,0.464437,True,
syn-p004,syn-w004-06,a2,b3_small,,,False,synthetic_signal_insufficient
syn-p004,syn-w004-07,a2,b3_small,1,0.64544,True,
syn-p004,syn-w004-08,a2,b3_small,1,0.601713,True,
syn-p004,syn-w004-09,a2,b3_small,1,0.665059,True,
syn-p004,syn-w004-10,a2,b3_small,1,0.59448,True,
syn-p005,syn-w005-01,a1,b3_small,1,0.828586,True,
syn-p005,syn-w005-02,a1,b3_small,1,0.841423,True,
syn-p005,syn-w005-03,a1,b3_small,0,0.454173,True,
syn-p005,syn-w005-04,a1,b3_small,1,0.766706,True,
syn-p005,syn-w005-05,a1,b3_small,1,0.640389,True,
syn-p005,syn-w005-06,a1,b3_small,0,0.203964,True,
syn-p005,syn-w005-07,a1,b3_small,1,0.711867,True,
syn-p005,syn-w005-08,a1,b3_small,0,0.465629,True,
syn-p005,syn-w005-09,a1,b3_small,1,0.658427,True,
syn-p005,syn-w005-10,a1,b3_small,1,0.621756,True,
syn-p006,syn-w006-01,a2,b3_small,0,0.071997,True,
syn-p006,syn-w006-02,a2,b3_small,0,0.353826,True,
syn-p006,syn-w006-03,a2,b3_small,,,False,synthetic_signal_insufficient
syn-p006,syn-w006-04,a2,b3_small,0,0.364838,True,
syn-p006,syn-w006-05,a2,b3_small,1,0.331796,True,
syn-p006,syn-w006-06,a2,b3_small,0,0.150144,True,
syn-p006,syn-w006-07,a2,b3_small,1,0.412156,True,
syn-p006,syn-w006-08,a2,b3_small,1,0.656496,True,
syn-p006,syn-w006-09,a2,b3_small,,,False,synthetic_signal_insufficient
syn-p006,syn-w006-10,a2,b3_small,1,0.556652,True,
syn-p007,syn-w007-01,a1,b3_small,,,False,synthetic_signal_insufficient
syn-p007,syn-w007-02,a1,b3_small,0,0.274182,True,
syn-p007,syn-w007-03,a1,b3_small,1,0.735289,True,
syn-p007,syn-w007-04,a1,b3_small,0,0.448596,True,
syn-p007,syn-w007-05,a1,b3_small,1,0.830505,True,
syn-p007,syn-w007-06,a1,b3_small,1,0.859283,True,
syn-p007,syn-w007-07,a1,b3_small,0,0.056398,True,
syn-p007,syn-w007-08,a1,b3_small,1,0.73175,True,
syn-p007,syn-w007-09,a1,b3_small,0,0.319593,True,
syn-p007,syn-w007-10,a1,b3_small,0,0.088107,True,
syn-p008,syn-w008-01,a2,b3_small,1,0.423218,True,
syn-p008,syn-w008-02,a2,b3_small,1,0.607019,True,
syn-p008,syn-w008-03,a2,b3_small,0,0.154967,True,
syn-p008,syn-w008-04,a2,b3_small,1,0.54851,True,
syn-p008,syn-w008-05,a2,b3_small,1,0.349936,True,
syn-p008,syn-w008-06,a2,b3_small,,,False,synthetic_signal_insufficient
syn-p008,syn-w008-07,a2,b3_small,0,0.471994,True,
syn-p008,syn-w008-08,a2,b3_small,1,0.664587,True,
syn-p008,syn-w008-09,a2,b3_small,1,0.654376,True,
syn-p008,syn-w008-10,a2,b3_small,1,0.342267,True,
syn-p009,syn-w009-01,a1,b1,1,0.700803,True,
syn-p009,syn-w009-02,a1,b1,0,0.495351,True,
syn-p009,syn-w009-03,a1,b1,0,0.300211,True,
syn-p009,syn-w009-04,a1,b1,,,False,synthetic_signal_insufficient
syn-p009,syn-w009-05,a1,b1,1,0.747905,True,
syn-p009,syn-w009-06,a1,b1,1,0.597812,True,
syn-p009,syn-w009-07,a1,b1,1,0.562594,True,
syn-p009,syn-w009-08,a1,b1,1,0.604659,True,
syn-p009,syn-w009-09,a1,b1,1,0.558524,True,
syn-p009,syn-w009-10,a1,b1,0,0.381893,True,
syn-p010,syn-w010-01,a2,b2,1,0.729074,True,
syn-p010,syn-w010-02,a2,b2,1,0.541606,True,
syn-p010,syn-w010-03,a2,b2,0,0.041483,True,
syn-p010,syn-w010-04,a2,b2,1,0.460763,True,
syn-p010,syn-w010-05,a2,b2,1,0.40031,True,
syn-p010,syn-w010-06,a2,b2,0,0.262381,True,
syn-p010,syn-w010-07,a2,b2,1,0.682616,True,
syn-p010,syn-w010-08,a2,b2,0,0.337631,True,
syn-p010,syn-w010-09,a2,b2,,,False,synthetic_signal_insufficient
syn-p010,syn-w010-10,a2,b2,1,0.428543,True,
syn-p011,syn-w011-01,a1,b2,,,False,synthetic_signal_insufficient
syn-p011,syn-w011-02,a1,b2,0,0.040433,True,
syn-p011,syn-w011-03,a1,b2,1,0.596832,True,
syn-p011,syn-w011-04,a1,b2,0,0.096035,True,
syn-p011,syn-w011-05,a1,b2,1,0.870604,True,
syn-p011,syn-w011-06,a1,b2,1,0.901991,True,
syn-p011,syn-w011-07,a1,b2,,,False,synthetic_signal_insufficient
syn-p011,syn-w011-08,a1,b2,1,0.672034,True,
syn-p011,syn-w011-09,a1,b2,0,0.321433,True,
syn-p011,syn-w011-10,a1,b2,1,0.868644,True,
syn-p012,syn-w012-01,a2,b1,0,0.170696,True,
syn-p012,syn-w012-02,a2,b1,0,0.339208,True,
syn-p012,syn-w012-03,a2,b1,1,0.594171,True,
syn-p012,syn-w012-04,a2,b1,1,0.675525,True,
syn-p012,syn-w012-05,a2,b1,1,0.478683,True,
syn-p012,syn-w012-06,a2,b1,0,0.242335,True,
syn-p012,syn-w012-07,a2,b1,0,0.375563,True,
syn-p012,syn-w012-08,a2,b1,0,0.174759,True,
syn-p012,syn-w012-09,a2,b1,0,0.039949,True,
syn-p012,syn-w012-10,a2,b1,0,0.098135,True,
syn-p013,syn-w013-01,a1,b1,1,0.776624,True,
syn-p013,syn-w013-02,a1,b1,1,0.631279,True,
syn-p013,syn-w013-03,a1,b1,0,0.340257,True,
syn-p013,syn-w013-04,a1,b1,,,False,synthetic_signal_insufficient
syn-p013,syn-w013-05,a1,b1,1,0.715404,True,
syn-p013,syn-w013-06,a1,b1,0,0.498813,True,
syn-p013,syn-w013-07,a1,b1,1,0.730749,True,
syn-p013,syn-w013-08,a1,b1,0,0.137961,True,
syn-p013,syn-w013-09,a1,b1,1,0.826799,True,
syn-p013,syn-w013-10,a1,b1,,,False,synthetic_signal_insufficient
syn-p014,syn-w014-01,a2,b2,0,0.32391,True,
syn-p014,syn-w014-02,a2,b2,,,False,synthetic_signal_insufficient
syn-p014,syn-w014-03,a2,b2,1,0.579058,True,
syn-p014,syn-w014-04,a2,b2,1,0.420415,True,
syn-p014,syn-w014-05,a2,b2,1,0.726813,True,
syn-p014,syn-w014-06,a2,b2,0,0.101859,True,
syn-p014,syn-w014-07,a2,b2,0,0.146814,True,
syn-p014,syn-w014-08,a2,b2,0,0.365263,True,
syn-p014,syn-w014-09,a2,b2,1,0.479789,True,
syn-p014,syn-w014-10,a2,b2,1,0.428157,True,
syn-p015,syn-w015-01,a1,b2,0,0.139567,True,
syn-p015,syn-w015-02,a1,b2,0,0.134094,True,
syn-p015,syn-w015-03,a1,b2,0,0.270827,True,
syn-p015,syn-w015-04,a1,b2,0,0.393683,True,
syn-p015,syn-w015-05,a1,b2,0,0.44957,True,
syn-p015,syn-w015-06,a1,b2,1,0.558933,True,
syn-p015,syn-w015-07,a1,b2,,,False,synthetic_signal_insufficient
syn-p015,syn-w015-08,a1,b2,0,0.067968,True,
syn-p015,syn-w015-09,a1,b2,0,0.147743,True,
syn-p015,syn-w015-10,a1,b2,1,0.680953,True,
syn-p016,syn-w016-01,a2,b1,0,0.448157,True,
syn-p016,syn-w016-02,a2,b1,0,0.451489,True,
syn-p016,syn-w016-03,a2,b1,1,0.756012,True,
syn-p016,syn-w016-04,a2,b1,0,0.298354,True,
syn-p016,syn-w016-05,a2,b1,,,False,synthetic_signal_insufficient
syn-p016,syn-w016-06,a2,b1,0,0.357949,True,
syn-p016,syn-w016-07,a2,b1,0,0.171628,True,
syn-p016,syn-w016-08,a2,b1,1,0.599655,True,
syn-p016,syn-w016-09,a2,b1,0,0.266029,True,
syn-p016,syn-w016-10,a2,b1,1,0.506872,True,
syn-p017,syn-w017-01,a1,b1,1,0.50317,True,
syn-p017,syn-w017-02,a1,b1,1,0.599196,True,
syn-p017,syn-w017-03,a1,b1,0,0.104893,True,
syn-p017,syn-w017-04,a1,b1,0,0.328075,True,
syn-p017,syn-w017-05,a1,b1,0,0.038668,True,
syn-p017,syn-w017-06,a1,b1,0,0.0825,True,
syn-p017,syn-w017-07,a1,b1,0,0.429017,True,
syn-p017,syn-w017-08,a1,b1,1,0.631177,True,
syn-p017,syn-w017-09,a1,b1,0,0.166467,True,
syn-p017,syn-w017-10,a1,b1,,,False,synthetic_signal_insufficient
syn-p018,syn-w018-01,a2,b2,1,0.522959,True,
syn-p018,syn-w018-02,a2,b2,,,False,synthetic_signal_insufficient
syn-p018,syn-w018-03,a2,b2,1,0.566155,True,
syn-p018,syn-w018-04,a2,b2,0,0.165766,True,
syn-p018,syn-w018-05,a2,b2,1,0.712673,True,
syn-p018,syn-w018-06,a2,b2,0,0.457363,True,
syn-p018,syn-w018-07,a2,b2,0,0.288165,True,
syn-p018,syn-w018-08,a2,b2,,,False,synthetic_signal_insufficient
syn-p018,syn-w018-09,a2,b2,0,0.195669,True,
syn-p018,syn-w018-10,a2,b2,1,0.344974,True,
syn-p019,syn-w019-01,a1,b2,1,0.640533,True,
syn-p019,syn-w019-02,a1,b2,0,0.066564,True,
syn-p019,syn-w019-03,a1,b2,0,0.080219,True,
syn-p019,syn-w019-04,a1,b2,0,0.460018,True,
syn-p019,syn-w019-05,a1,b2,0,0.498171,True,
syn-p019,syn-w019-06,a1,b2,1,0.835436,True,
syn-p019,syn-w019-07,a1,b2,0,0.46016,True,
syn-p019,syn-w019-08,a1,b2,1,0.781528,True,
syn-p019,syn-w019-09,a1,b2,0,0.247245,True,
syn-p019,syn-w019-10,a1,b2,1,0.630776,True,
syn-p020,syn-w020-01,a2,b1,0,0.450433,True,
syn-p020,syn-w020-02,a2,b1,1,0.607101,True,
syn-p020,syn-w020-03,a2,b1,1,0.460409,True,
syn-p020,syn-w020-04,a2,b1,1,0.315842,True,
syn-p020,syn-w020-05,a2,b1,,,False,synthetic_signal_insufficient
syn-p020,syn-w020-06,a2,b1,0,0.189901,True,
syn-p020,syn-w020-07,a2,b1,1,0.64006,True,
syn-p020,syn-w020-08,a2,b1,0,0.071248,True,
syn-p020,syn-w020-09,a2,b1,1,0.318087,True,
syn-p020,syn-w020-10,a2,b1,1,0.650856,True,
syn-p021,syn-w021-01,a1,b1,0,0.11202,True,
syn-p021,syn-w021-02,a1,b1,1,0.533653,True,
syn-p021,syn-w021-03,a1,b1,,,False,synthetic_signal_insufficient
syn-p021,syn-w021-04,a1,b1,0,0.387556,True,
syn-p021,syn-w021-05,a1,b1,1,0.669435,True,
syn-p021,syn-w021-06,a1,b1,1,0.725622,True,
syn-p021,syn-w021-07,a1,b1,0,0.364072,True,
syn-p021,syn-w021-08,a1,b1,1,0.898121,True,
syn-p021,syn-w021-09,a1,b1,0,0.412424,True,
syn-p021,syn-w021-10,a1,b1,0,0.327152,True,
syn-p022,syn-w022-01,a2,b2,0,0.306889,True,
syn-p022,syn-w022-02,a2,b2,1,0.646015,True,
syn-p022,syn-w022-03,a2,b2,0,0.195127,True,
syn-p022,syn-w022-04,a2,b2,1,0.309231,True,
syn-p022,syn-w022-05,a2,b2,1,0.458912,True,
syn-p022,syn-w022-06,a2,b2,0,0.212245,True,
syn-p022,syn-w022-07,a2,b2,0,0.448429,True,
syn-p022,syn-w022-08,a2,b2,,,False,synthetic_signal_insufficient
syn-p022,syn-w022-09,a2,b2,1,0.527445,True,
syn-p022,syn-w022-10,a2,b2,1,0.566019,True,
syn-p023,syn-w023-01,a1,b2,1,0.526448,True,
syn-p023,syn-w023-02,a1,b2,1,0.710961,True,
syn-p023,syn-w023-03,a1,b2,0,0.487214,True,
syn-p023,syn-w023-04,a1,b2,1,0.880623,True,
syn-p023,syn-w023-05,a1,b2,1,0.545704,True,
syn-p023,syn-w023-06,a1,b2,,,False,synthetic_signal_insufficient
syn-p023,syn-w023-07,a1,b2,1,0.902728,True,
syn-p023,syn-w023-08,a1,b2,1,0.718429,True,
syn-p023,syn-w023-09,a1,b2,0,0.222903,True,
syn-p023,syn-w023-10,a1,b2,0,0.240717,True,
syn-p024,syn-w024-01,a2,b1,0,0.130607,True,
syn-p024,syn-w024-02,a2,b1,1,0.511668,True,
syn-p024,syn-w024-03,a2,b1,1,0.363583,True,
syn-p024,syn-w024-04,a2,b1,0,0.503633,True,
syn-p024,syn-w024-05,a2,b1,0,0.059028,True,
syn-p024,syn-w024-06,a2,b1,1,0.41425,True,
syn-p024,syn-w024-07,a2,b1,1,0.293838,True,
syn-p024,syn-w024-08,a2,b1,0,0.141904,True,
syn-p024,syn-w024-09,a2,b1,1,0.752669,True,
syn-p024,syn-w024-10,a2,b1,1,0.429229,True,
syn-p025,syn-w025-01,a1,b1,1,0.892954,True,
syn-p025,syn-w025-02,a1,b1,0,0.077318,True,
syn-p025,syn-w025-03,a1,b1,,,False,synthetic_signal_insufficient
syn-p025,syn-w025-04,a1,b1,0,0.038306,True,
syn-p025,syn-w025-05,a1,b1,1,0.51615,True,
syn-p025,syn-w025-06,a1,b1,1,0.862191,True,
syn-p025,syn-w025-07,a1,b1,1,0.662861,True,
syn-p025,syn-w025-08,a1,b1,1,0.850213,True,
syn-p025,syn-w025-09,a1,b1,,,False,synthetic_signal_insufficient
syn-p025,syn-w025-10,a1,b1,0,0.041732,True,
syn-p026,syn-w026-01,a2,b2,,,False,synthetic_signal_insufficient
syn-p026,syn-w026-02,a2,b2,0,0.205808,True,
syn-p026,syn-w026-03,a2,b2,0,0.22026,True,
syn-p026,syn-w026-04,a2,b2,1,0.337655,True,
syn-p026,syn-w026-05,a2,b2,1,0.435508,True,
syn-p026,syn-w026-06,a2,b2,1,0.685127,True,
syn-p026,syn-w026-07,a2,b2,1,0.298769,True,
syn-p026,syn-w026-08,a2,b2,0,0.348304,True,
syn-p026,syn-w026-09,a2,b2,1,0.479582,True,
syn-p026,syn-w026-10,a2,b2,1,0.350025,True,
syn-p027,syn-w027-01,a1,b2,1,0.969711,True,
syn-p027,syn-w027-02,a1,b2,0,0.340349,True,
syn-p027,syn-w027-03,a1,b2,1,0.664918,True,
syn-p027,syn-w027-04,a1,b2,1,0.576668,True,
syn-p027,syn-w027-05,a1,b2,1,0.819358,True,
syn-p027,syn-w027-06,a1,b2,,,False,synthetic_signal_insufficient
syn-p027,syn-w027-07,a1,b2,1,0.823491,True,
syn-p027,syn-w027-08,a1,b2,1,0.653542,True,
syn-p027,syn-w027-09,a1,b2,1,0.86985,True,
syn-p027,syn-w027-10,a1,b2,1,0.59122,True,
syn-p028,syn-w028-01,a2,b1,1,0.476829,True,
syn-p028,syn-w028-02,a2,b1,1,0.457006,True,
syn-p028,syn-w028-03,a2,b1,1,0.650144,True,
syn-p028,syn-w028-04,a2,b1,,,False,synthetic_signal_insufficient
syn-p028,syn-w028-05,a2,b1,0,0.388974,True,
syn-p028,syn-w028-06,a2,b1,1,0.660357,True,
syn-p028,syn-w028-07,a2,b1,1,0.489849,True,
syn-p028,syn-w028-08,a2,b1,1,0.326209,True,
syn-p028,syn-w028-09,a2,b1,0,0.258051,True,
syn-p028,syn-w028-10,a2,b1,0,0.076849,True,
syn-p029,syn-w029-01,a1,b1,1,0.954609,True,
syn-p029,syn-w029-02,a1,b1,0,0.089655,True,
syn-p029,syn-w029-03,a1,b1,0,0.38158,True,
syn-p029,syn-w029-04,a1,b1,0,0.50359,True,
syn-p029,syn-w029-05,a1,b1,0,0.032741,True,
syn-p029,syn-w029-06,a1,b1,0,0.114769,True,
syn-p029,syn-w029-07,a1,b1,0,0.099467,True,
syn-p029,syn-w029-08,a1,b1,1,0.792506,True,
syn-p029,syn-w029-09,a1,b1,,,False,synthetic_signal_insufficient
syn-p029,syn-w029-10,a1,b1,1,0.67529,True,
syn-p030,syn-w030-01,a2,b2,,,False,synthetic_signal_insufficient
syn-p030,syn-w030-02,a2,b2,0,0.137477,True,
syn-p030,syn-w030-03,a2,b2,0,0.300221,True,
syn-p030,syn-w030-04,a2,b2,0,0.281613,True,
syn-p030,syn-w030-05,a2,b2,1,0.413072,True,
syn-p030,syn-w030-06,a2,b2,1,0.761032,True,
syn-p030,syn-w030-07,a2,b2,,,False,synthetic_signal_insufficient
syn-p030,syn-w030-08,a2,b2,1,0.344636,True,
syn-p030,syn-w030-09,a2,b2,0,0.124001,True,
syn-p030,syn-w030-10,a2,b2,1,0.621773,True,
syn-p031,syn-w031-01,a1,b2,0,0.157259,True,
syn-p031,syn-w031-02,a1,b2,0,0.479729,True,
syn-p031,syn-w031-03,a1,b2,1,0.64895,True,
syn-p031,syn-w031-04,a1,b2,1,0.716403,True,
syn-p031,syn-w031-05,a1,b2,1,0.855177,True,
syn-p031,syn-w031-06,a1,b2,1,0.534441,True,
syn-p031,syn-w031-07,a1,b2,1,0.928915,True,
syn-p031,syn-w031-08,a1,b2,1,0.596621,True,
syn-p031,syn-w031-09,a1,b2,1,0.690199,True,
syn-p031,syn-w031-10,a1,b2,0,0.18223,True,
syn-p032,syn-w032-01,a2,b1,1,0.374531,True,
syn-p032,syn-w032-02,a2,b1,0,0.420514,True,
syn-p032,syn-w032-03,a2,b1,0,0.349395,True,
syn-p032,syn-w032-04,a2,b1,,,False,synthetic_signal_insufficient
syn-p032,syn-w032-05,a2,b1,0,0.486464,True,
syn-p032,syn-w032-06,a2,b1,1,0.65785,True,
syn-p032,syn-w032-07,a2,b1,0,0.072494,True,
syn-p032,syn-w032-08,a2,b1,0,0.332889,True,
syn-p032,syn-w032-09,a2,b1,0,0.269422,True,
syn-p032,syn-w032-10,a2,b1,,,False,synthetic_signal_insufficient
syn-p033,syn-w033-01,a1,b1,0,0.471903,True,
syn-p033,syn-w033-02,a1,b1,,,False,synthetic_signal_insufficient
syn-p033,syn-w033-03,a1,b1,0,0.316068,True,
syn-p033,syn-w033-04,a1,b1,1,0.701174,True,
syn-p033,syn-w033-05,a1,b1,1,0.551781,True,
syn-p033,syn-w033-06,a1,b1,1,0.783737,True,
syn-p033,syn-w033-07,a1,b1,0,0.346678,True,
syn-p033,syn-w033-08,a1,b1,0,0.167152,True,
syn-p033,syn-w033-09,a1,b1,1,0.58965,True,
syn-p033,syn-w033-10,a1,b1,1,0.83543,True,
syn-p034,syn-w034-01,a2,b2,0,0.220853,True,
syn-p034,syn-w034-02,a2,b2,1,0.666104,True,
syn-p034,syn-w034-03,a2,b2,0,0.312592,True,
syn-p034,syn-w034-04,a2,b2,1,0.320657,True,
syn-p034,syn-w034-05,a2,b2,0,0.132613,True,
syn-p034,syn-w034-06,a2,b2,1,0.311514,True,
syn-p034,syn-w034-07,a2,b2,,,False,synthetic_signal_insufficient
syn-p034,syn-w034-08,a2,b2,0,0.459314,True,
syn-p034,syn-w034-09,a2,b2,0,0.485823,True,
syn-p034,syn-w034-10,a2,b2,1,0.532651,True,
syn-p035,syn-w035-01,a1,b2,1,0.565852,True,
syn-p035,syn-w035-02,a1,b2,0,0.142148,True,
syn-p035,syn-w035-03,a1,b2,0,0.288427,True,
syn-p035,syn-w035-04,a1,b2,0,0.227547,True,
syn-p035,syn-w035-05,a1,b2,,,False,synthetic_signal_insufficient
syn-p035,syn-w035-06,a1,b2,1,0.715875,True,
syn-p035,syn-w035-07,a1,b2,0,0.104882,True,
syn-p035,syn-w035-08,a1,b2,1,0.536237,True,
syn-p035,syn-w035-09,a1,b2,0,0.247561,True,
syn-p035,syn-w035-10,a1,b2,1,0.693313,True,
syn-p036,syn-w036-01,a2,b1,0,0.062142,True,
syn-p036,syn-w036-02,a2,b1,0,0.213461,True,
syn-p036,syn-w036-03,a2,b1,0,0.067704,True,
syn-p036,syn-w036-04,a2,b1,0,0.232527,True,
syn-p036,syn-w036-05,a2,b1,1,0.712089,True,
syn-p036,syn-w036-06,a2,b1,0,0.192882,True,
syn-p036,syn-w036-07,a2,b1,1,0.39749,True,
syn-p036,syn-w036-08,a2,b1,1,0.693442,True,
syn-p036,syn-w036-09,a2,b1,0,0.177295,True,
syn-p036,syn-w036-10,a2,b1,,,False,synthetic_signal_insufficient
syn-p037,syn-w037-01,a1,b1,1,0.766704,True,
syn-p037,syn-w037-02,a1,b1,,,False,synthetic_signal_insufficient
syn-p037,syn-w037-03,a1,b1,0,0.230298,True,
syn-p037,syn-w037-04,a1,b1,1,0.576956,True,
syn-p037,syn-w037-05,a1,b1,1,0.951078,True,
syn-p037,syn-w037-06,a1,b1,1,0.559073,True,
syn-p037,syn-w037-07,a1,b1,0,0.480477,True,
syn-p037,syn-w037-08,a1,b1,,,False,synthetic_signal_insufficient
syn-p037,syn-w037-09,a1,b1,1,0.903444,True,
syn-p037,syn-w037-10,a1,b1,1,0.613096,True,
syn-p038,syn-w038-01,a2,b2,1,0.394763,True,
syn-p038,syn-w038-02,a2,b2,0,0.417858,True,
syn-p038,syn-w038-03,a2,b2,0,0.040202,True,
syn-p038,syn-w038-04,a2,b2,1,0.676316,True,
syn-p038,syn-w038-05,a2,b2,0,0.136705,True,
syn-p038,syn-w038-06,a2,b2,0,0.346212,True,
syn-p038,syn-w038-07,a2,b2,1,0.506109,True,
syn-p038,syn-w038-08,a2,b2,1,0.743606,True,
syn-p038,syn-w038-09,a2,b2,1,0.726907,True,
syn-p038,syn-w038-10,a2,b2,1,0.473437,True,
syn-p039,syn-w039-01,a1,b2,1,0.497899,True,
syn-p039,syn-w039-02,a1,b2,0,0.1204,True,
syn-p039,syn-w039-03,a1,b2,0,0.341462,True,
syn-p039,syn-w039-04,a1,b2,1,0.847409,True,
syn-p039,syn-w039-05,a1,b2,,,False,synthetic_signal_insufficient
syn-p039,syn-w039-06,a1,b2,1,0.796593,True,
syn-p039,syn-w039-07,a1,b2,1,0.881137,True,
syn-p039,syn-w039-08,a1,b2,0,0.108445,True,
syn-p039,syn-w039-09,a1,b2,1,0.732264,True,
syn-p039,syn-w039-10,a1,b2,0,0.407017,True,
syn-p040,syn-w040-01,a2,b1,1,0.332165,True,
syn-p040,syn-w040-02,a2,b1,1,0.641762,True,
syn-p040,syn-w040-03,a2,b1,,,False,synthetic_signal_insufficient
syn-p040,syn-w040-04,a2,b1,1,0.699804,True,
syn-p040,syn-w040-05,a2,b1,0,0.37312,True,
syn-p040,syn-w040-06,a2,b1,0,0.383485,True,
syn-p040,syn-w040-07,a2,b1,0,0.498193,True,
syn-p040,syn-w040-08,a2,b1,0,0.160381,True,
syn-p040,syn-w040-09,a2,b1,1,0.650413,True,
syn-p040,syn-w040-10,a2,b1,1,0.387421,True,
syn-p041,syn-w041-01,a1,b1,1,0.621123,True,
syn-p041,syn-w041-02,a1,b1,1,0.530678,True,
syn-p041,syn-w041-03,a1,b1,0,0.079783,True,
syn-p041,syn-w041-04,a1,b1,1,0.904431,True,
syn-p041,syn-w041-05,a1,b1,0,0.323918,True,
syn-p041,syn-w041-06,a1,b1,1,0.667525,True,
syn-p041,syn-w041-07,a1,b1,0,0.22908,True,
syn-p041,syn-w041-08,a1,b1,,,False,synthetic_signal_insufficient
syn-p041,syn-w041-09,a1,b1,0,0.475673,True,
syn-p041,syn-w041-10,a1,b1,1,0.809083,True,
syn-p042,syn-w042-01,a2,b2,1,0.721804,True,
syn-p042,syn-w042-02,a2,b2,1,0.311344,True,
syn-p042,syn-w042-03,a2,b2,1,0.682302,True,
syn-p042,syn-w042-04,a2,b2,0,0.275849,True,
syn-p042,syn-w042-05,a2,b2,0,0.054536,True,
syn-p042,syn-w042-06,a2,b2,,,False,synthetic_signal_insufficient
syn-p042,syn-w042-07,a2,b2,0,0.036127,True,
syn-p042,syn-w042-08,a2,b2,0,0.303739,True,
syn-p042,syn-w042-09,a2,b2,0,0.481641,True,
syn-p042,syn-w042-10,a2,b2,0,0.424391,True,
syn-p043,syn-w043-01,a1,b2,1,0.599259,True,
syn-p043,syn-w043-02,a1,b2,0,0.180211,True,
syn-p043,syn-w043-03,a1,b2,0,0.101148,True,
syn-p043,syn-w043-04,a1,b2,1,0.869051,True,
syn-p043,syn-w043-05,a1,b2,1,0.950104,True,
syn-p043,syn-w043-06,a1,b2,1,0.581318,True,
syn-p043,syn-w043-07,a1,b2,0,0.183634,True,
syn-p043,syn-w043-08,a1,b2,1,0.69017,True,
syn-p043,syn-w043-09,a1,b2,1,0.626341,True,
syn-p043,syn-w043-10,a1,b2,1,0.63665,True,
syn-p044,syn-w044-01,a2,b1,1,0.587663,True,
syn-p044,syn-w044-02,a2,b1,1,0.483488,True,
syn-p044,syn-w044-03,a2,b1,,,False,synthetic_signal_insufficient
syn-p044,syn-w044-04,a2,b1,1,0.660879,True,
syn-p044,syn-w044-05,a2,b1,0,0.074376,True,
syn-p044,syn-w044-06,a2,b1,0,0.346786,True,
syn-p044,syn-w044-07,a2,b1,1,0.741861,True,
syn-p044,syn-w044-08,a2,b1,0,0.424908,True,
syn-p044,syn-w044-09,a2,b1,,,False,synthetic_signal_insufficient
syn-p044,syn-w044-10,a2,b1,1,0.531631,True,
syn-p045,syn-w045-01,a1,b1,,,False,synthetic_signal_insufficient
syn-p045,syn-w045-02,a1,b1,0,0.418359,True,
syn-p045,syn-w045-03,a1,b1,1,0.70481,True,
syn-p045,syn-w045-04,a1,b1,0,0.487878,True,
syn-p045,syn-w045-05,a1,b1,0,0.468017,True,
syn-p045,syn-w045-06,a1,b1,1,0.748806,True,
syn-p045,syn-w045-07,a1,b1,1,0.75351,True,
syn-p045,syn-w045-08,a1,b1,0,0.390811,True,
syn-p045,syn-w045-09,a1,b1,1,0.867068,True,
syn-p045,syn-w045-10,a1,b1,1,0.624519,True,
syn-p046,syn-w046-01,a2,b2,0,0.131657,True,
syn-p046,syn-w046-02,a2,b2,1,0.529101,True,
syn-p046,syn-w046-03,a2,b2,1,0.677215,True,
syn-p046,syn-w046-04,a2,b2,0,0.13637,True,
syn-p046,syn-w046-05,a2,b2,1,0.322311,True,
syn-p046,syn-w046-06,a2,b2,,,False,synthetic_signal_insufficient
syn-p046,syn-w046-07,a2,b2,1,0.385712,True,
syn-p046,syn-w046-08,a2,b2,0,0.038437,True,
syn-p046,syn-w046-09,a2,b2,0,0.105219,True,
syn-p046,syn-w046-10,a2,b2,1,0.49374,True,
syn-p047,syn-w047-01,a1,b2,1,0.942017,True,
syn-p047,syn-w047-02,a1,b2,0,0.427481,True,
syn-p047,syn-w047-03,a1,b2,1,0.547424,True,
syn-p047,syn-w047-04,a1,b2,,,False,synthetic_signal_insufficient
syn-p047,syn-w047-05,a1,b2,0,0.500117,True,
syn-p047,syn-w047-06,a1,b2,1,0.608797,True,
syn-p047,syn-w047-07,a1,b2,0,0.500781,True,
syn-p047,syn-w047-08,a1,b2,1,0.596301,True,
syn-p047,syn-w047-09,a1,b2,1,0.836333,True,
syn-p047,syn-w047-10,a1,b2,1,0.808347,True,
syn-p048,syn-w048-01,a2,b1,1,0.727038,True,
syn-p048,syn-w048-02,a2,b1,0,0.474743,True,
syn-p048,syn-w048-03,a2,b1,0,0.166312,True,
syn-p048,syn-w048-04,a2,b1,1,0.744825,True,
syn-p048,syn-w048-05,a2,b1,0,0.322896,True,
syn-p048,syn-w048-06,a2,b1,1,0.664202,True,
syn-p048,syn-w048-07,a2,b1,0,0.1255,True,
syn-p048,syn-w048-08,a2,b1,0,0.405075,True,
syn-p048,syn-w048-09,a2,b1,,,False,synthetic_signal_insufficient
syn-p048,syn-w048-10,a2,b1,1,0.491611,True,
syn-p049,syn-w049-01,a1,b1,,,False,synthetic_signal_insufficient
syn-p049,syn-w049-02,a1,b1,0,0.474624,True,
syn-p049,syn-w049-03,a1,b1,1,0.810004,True,
syn-p049,syn-w049-04,a1,b1,0,0.288365,True,
syn-p049,syn-w049-05,a1,b1,0,0.395733,True,
syn-p049,syn-w049-06,a1,b1,0,0.442161,True,
syn-p049,syn-w049-07,a1,b1,,,False,synthetic_signal_insufficient
syn-p049,syn-w049-08,a1,b1,1,0.716996,True,
syn-p049,syn-w049-09,a1,b1,1,0.715952,True,
syn-p049,syn-w049-10,a1,b1,0,0.202321,True,
syn-p050,syn-w050-01,a2,b2,1,0.720663,True,
syn-p050,syn-w050-02,a2,b2,0,0.435985,True,
syn-p050,syn-w050-03,a2,b2,0,0.299997,True,
syn-p050,syn-w050-04,a2,b2,0,0.280439,True,
syn-p050,syn-w050-05,a2,b2,1,0.407509,True,
syn-p050,syn-w050-06,a2,b2,1,0.353134,True,
syn-p050,syn-w050-07,a2,b2,0,0.050372,True,
syn-p050,syn-w050-08,a2,b2,0,0.481061,True,
syn-p050,syn-w050-09,a2,b2,0,0.042352,True,
syn-p050,syn-w050-10,a2,b2,1,0.559634,True,
syn-p051,syn-w051-01,a1,b2,1,0.773418,True,
syn-p051,syn-w051-02,a1,b2,1,0.761092,True,
syn-p051,syn-w051-03,a1,b2,1,0.934914,True,
syn-p051,syn-w051-04,a1,b2,,,False,synthetic_signal_insufficient
syn-p051,syn-w051-05,a1,b2,1,0.567289,True,
syn-p051,syn-w051-06,a1,b2,0,0.216444,True,
syn-p051,syn-w051-07,a1,b2,1,0.963687,True,
syn-p051,syn-w051-08,a1,b2,0,0.179473,True,
syn-p051,syn-w051-09,a1,b2,1,0.78265,True,
syn-p051,syn-w051-10,a1,b2,,,False,synthetic_signal_insufficient
syn-p052,syn-w052-01,a2,b1,0,0.373584,True,
syn-p052,syn-w052-02,a2,b1,,,False,synthetic_signal_insufficient
syn-p052,syn-w052-03,a2,b1,1,0.306477,True,
syn-p052,syn-w052-04,a2,b1,0,0.487884,True,
syn-p052,syn-w052-05,a2,b1,0,0.392059,True,
syn-p052,syn-w052-06,a2,b1,0,0.240663,True,
syn-p052,syn-w052-07,a2,b1,1,0.682879,True,
syn-p052,syn-w052-08,a2,b1,0,0.445868,True,
syn-p052,syn-w052-09,a2,b1,1,0.518654,True,
syn-p052,syn-w052-10,a2,b1,0,0.09814,True,
syn-p053,syn-w053-01,a1,b1,0,0.140822,True,
syn-p053,syn-w053-02,a1,b1,1,0.846928,True,
syn-p053,syn-w053-03,a1,b1,1,0.568381,True,
syn-p053,syn-w053-04,a1,b1,1,0.712197,True,
syn-p053,syn-w053-05,a1,b1,0,0.142957,True,
syn-p053,syn-w053-06,a1,b1,1,0.877098,True,
syn-p053,syn-w053-07,a1,b1,,,False,synthetic_signal_insufficient
syn-p053,syn-w053-08,a1,b1,1,0.807762,True,
syn-p053,syn-w053-09,a1,b1,0,0.291266,True,
syn-p053,syn-w053-10,a1,b1,0,0.317221,True,
syn-p054,syn-w054-01,a2,b2,0,0.312681,True,
syn-p054,syn-w054-02,a2,b2,1,0.398121,True,
syn-p054,syn-w054-03,a2,b2,1,0.404874,True,
syn-p054,syn-w054-04,a2,b2,1,0.730562,True,
syn-p054,syn-w054-05,a2,b2,,,False,synthetic_signal_insufficient
syn-p054,syn-w054-06,a2,b2,1,0.315997,True,
syn-p054,syn-w054-07,a2,b2,1,0.324012,True,
syn-p054,syn-w054-08,a2,b2,1,0.708845,True,
syn-p054,syn-w054-09,a2,b2,0,0.445443,True,
syn-p054,syn-w054-10,a2,b2,0,0.121805,True,
syn-p055,syn-w055-01,a1,b2,0,0.167623,True,
syn-p055,syn-w055-02,a1,b2,1,0.766758,True,
syn-p055,syn-w055-03,a1,b2,0,0.460135,True,
syn-p055,syn-w055-04,a1,b2,0,0.506267,True,
syn-p055,syn-w055-05,a1,b2,0,0.418424,True,
syn-p055,syn-w055-06,a1,b2,0,0.067979,True,
syn-p055,syn-w055-07,a1,b2,0,0.053879,True,
syn-p055,syn-w055-08,a1,b2,1,0.933762,True,
syn-p055,syn-w055-09,a1,b2,1,0.759733,True,
syn-p055,syn-w055-10,a1,b2,,,False,synthetic_signal_insufficient
syn-p056,syn-w056-01,a2,b1,0,0.166007,True,
syn-p056,syn-w056-02,a2,b1,,,False,synthetic_signal_insufficient
syn-p056,syn-w056-03,a2,b1,1,0.408879,True,
syn-p056,syn-w056-04,a2,b1,1,0.678468,True,
syn-p056,syn-w056-05,a2,b1,1,0.708024,True,
syn-p056,syn-w056-06,a2,b1,0,0.063176,True,
syn-p056,syn-w056-07,a2,b1,1,0.347211,True,
syn-p056,syn-w056-08,a2,b1,,,False,synthetic_signal_insufficient
syn-p056,syn-w056-09,a2,b1,1,0.699691,True,
syn-p056,syn-w056-10,a2,b1,1,0.407827,True,
syn-p057,syn-w057-01,a1,b1,0,0.436035,True,
syn-p057,syn-w057-02,a1,b1,1,0.767065,True,
syn-p057,syn-w057-03,a1,b1,1,0.71829,True,
syn-p057,syn-w057-04,a1,b1,0,0.227219,True,
syn-p057,syn-w057-05,a1,b1,1,0.802638,True,
syn-p057,syn-w057-06,a1,b1,1,0.623244,True,
syn-p057,syn-w057-07,a1,b1,1,0.570231,True,
syn-p057,syn-w057-08,a1,b1,0,0.147186,True,
syn-p057,syn-w057-09,a1,b1,0,0.46212,True,
syn-p057,syn-w057-10,a1,b1,0,0.329181,True,
syn-p058,syn-w058-01,a2,b2,0,0.117513,True,
syn-p058,syn-w058-02,a2,b2,1,0.615703,True,
syn-p058,syn-w058-03,a2,b2,1,0.614868,True,
syn-p058,syn-w058-04,a2,b2,1,0.535635,True,
syn-p058,syn-w058-05,a2,b2,,,False,synthetic_signal_insufficient
syn-p058,syn-w058-06,a2,b2,0,0.260193,True,
syn-p058,syn-w058-07,a2,b2,0,0.386744,True,
syn-p058,syn-w058-08,a2,b2,0,0.402732,True,
syn-p058,syn-w058-09,a2,b2,1,0.621483,True,
syn-p058,syn-w058-10,a2,b2,1,0.367025,True,
syn-p059,syn-w059-01,a1,b2,1,0.645227,True,
syn-p059,syn-w059-02,a1,b2,0,0.389158,True,
syn-p059,syn-w059-03,a1,b2,,,False,synthetic_signal_insufficient
syn-p059,syn-w059-04,a1,b2,1,0.593546,True,
syn-p059,syn-w059-05,a1,b2,1,0.720794,True,
syn-p059,syn-w059-06,a1,b2,1,0.647483,True,
syn-p059,syn-w059-07,a1,b2,0,0.29445,True,
syn-p059,syn-w059-08,a1,b2,1,0.817596,True,
syn-p059,syn-w059-09,a1,b2,1,0.760942,True,
syn-p059,syn-w059-10,a1,b2,1,0.775962,True,
syn-p060,syn-w060-01,a2,b1,1,0.367592,True,
syn-p060,syn-w060-02,a2,b1,0,0.106475,True,
syn-p060,syn-w060-03,a2,b1,0,0.454126,True,
syn-p060,syn-w060-04,a2,b1,1,0.592453,True,
syn-p060,syn-w060-05,a2,b1,1,0.383545,True,
syn-p060,syn-w060-06,a2,b1,1,0.660329,True,
syn-p060,syn-w060-07,a2,b1,1,0.407306,True,
syn-p060,syn-w060-08,a2,b1,,,False,synthetic_signal_insufficient
syn-p060,syn-w060-09,a2,b1,0,0.180507,True,
syn-p060,syn-w060-10,a2,b1,0,0.507254,True,
syn-p061,syn-w061-01,a1,b1,1,0.929315,True,
syn-p061,syn-w061-02,a1,b1,1,0.668814,True,
syn-p061,syn-w061-03,a1,b1,1,0.807734,True,
syn-p061,syn-w061-04,a1,b1,1,0.728273,True,
syn-p061,syn-w061-05,a1,b1,0,0.27573,True,
syn-p061,syn-w061-06,a1,b1,,,False,synthetic_signal_insufficient
syn-p061,syn-w061-07,a1,b1,0,0.197255,True,
syn-p061,syn-w061-08,a1,b1,1,0.73921,True,
syn-p061,syn-w061-09,a1,b1,1,0.574086,True,
syn-p061,syn-w061-10,a1,b1,0,0.312789,True,
syn-p062,syn-w062-01,a2,b2,1,0.690153,True,
syn-p062,syn-w062-02,a2,b2,0,0.364129,True,
syn-p062,syn-w062-03,a2,b2,1,0.553838,True,
syn-p062,syn-w062-04,a2,b2,1,0.389873,True,
syn-p062,syn-w062-05,a2,b2,0,0.284702,True,
syn-p062,syn-w062-06,a2,b2,0,0.389821,True,
syn-p062,syn-w062-07,a2,b2,0,0.305196,True,
syn-p062,syn-w062-08,a2,b2,0,0.346295,True,
syn-p062,syn-w062-09,a2,b2,1,0.64248,True,
syn-p062,syn-w062-10,a2,b2,0,0.107443,True,
syn-p063,syn-w063-01,a1,b2,0,0.094503,True,
syn-p063,syn-w063-02,a1,b2,0,0.070872,True,
syn-p063,syn-w063-03,a1,b2,,,False,synthetic_signal_insufficient
syn-p063,syn-w063-04,a1,b2,1,0.78217,True,
syn-p063,syn-w063-05,a1,b2,0,0.386046,True,
syn-p063,syn-w063-06,a1,b2,1,0.500482,True,
syn-p063,syn-w063-07,a1,b2,0,0.045033,True,
syn-p063,syn-w063-08,a1,b2,0,0.328484,True,
syn-p063,syn-w063-09,a1,b2,,,False,synthetic_signal_insufficient
syn-p063,syn-w063-10,a1,b2,0,0.191235,True,
syn-p064,syn-w064-01,a2,b1,,,False,synthetic_signal_insufficient
syn-p064,syn-w064-02,a2,b1,1,0.378631,True,
syn-p064,syn-w064-03,a2,b1,0,0.257265,True,
syn-p064,syn-w064-04,a2,b1,1,0.766741,True,
syn-p064,syn-w064-05,a2,b1,1,0.42357,True,
syn-p064,syn-w064-06,a2,b1,0,0.376878,True,
syn-p064,syn-w064-07,a2,b1,1,0.700884,True,
syn-p064,syn-w064-08,a2,b1,1,0.385256,True,
syn-p064,syn-w064-09,a2,b1,0,0.130597,True,
syn-p064,syn-w064-10,a2,b1,1,0.396538,True,
syn-p065,syn-w065-01,a1,b1,0,0.42174,True,
syn-p065,syn-w065-02,a1,b1,0,0.084928,True,
syn-p065,syn-w065-03,a1,b1,1,0.623799,True,
syn-p065,syn-w065-04,a1,b1,1,0.856004,True,
syn-p065,syn-w065-05,a1,b1,1,0.857679,True,
syn-p065,syn-w065-06,a1,b1,,,False,synthetic_signal_insufficient
syn-p065,syn-w065-07,a1,b1,1,0.949514,True,
syn-p065,syn-w065-08,a1,b1,1,0.557964,True,
syn-p065,syn-w065-09,a1,b1,0,0.323868,True,
syn-p065,syn-w065-10,a1,b1,0,0.114582,True,
syn-p066,syn-w066-01,a2,b2,1,0.333696,True,
syn-p066,syn-w066-02,a2,b2,0,0.454323,True,
syn-p066,syn-w066-03,a2,b2,1,0.341394,True,
syn-p066,syn-w066-04,a2,b2,,,False,synthetic_signal_insufficient
syn-p066,syn-w066-05,a2,b2,0,0.496753,True,
syn-p066,syn-w066-06,a2,b2,1,0.587542,True,
syn-p066,syn-w066-07,a2,b2,0,0.228213,True,
syn-p066,syn-w066-08,a2,b2,1,0.633887,True,
syn-p066,syn-w066-09,a2,b2,0,0.281566,True,
syn-p066,syn-w066-10,a2,b2,0,0.335538,True,
syn-p067,syn-w067-01,a1,b2,0,0.316344,True,
syn-p067,syn-w067-02,a1,b2,1,0.967697,True,
syn-p067,syn-w067-03,a1,b2,1,0.783117,True,
syn-p067,syn-w067-04,a1,b2,0,0.446218,True,
syn-p067,syn-w067-05,a1,b2,0,0.297496,True,
syn-p067,syn-w067-06,a1,b2,1,0.491856,True,
syn-p067,syn-w067-07,a1,b2,1,0.848473,True,
syn-p067,syn-w067-08,a1,b2,1,0.50175,True,
syn-p067,syn-w067-09,a1,b2,,,False,synthetic_signal_insufficient
syn-p067,syn-w067-10,a1,b2,1,0.51066,True,
syn-p068,syn-w068-01,a2,b1,,,False,synthetic_signal_insufficient
syn-p068,syn-w068-02,a2,b1,1,0.6995,True,
syn-p068,syn-w068-03,a2,b1,0,0.417013,True,
syn-p068,syn-w068-04,a2,b1,1,0.545061,True,
syn-p068,syn-w068-05,a2,b1,1,0.552236,True,
syn-p068,syn-w068-06,a2,b1,0,0.081951,True,
syn-p068,syn-w068-07,a2,b1,,,False,synthetic_signal_insufficient
syn-p068,syn-w068-08,a2,b1,0,0.109783,True,
syn-p068,syn-w068-09,a2,b1,1,0.573826,True,
syn-p068,syn-w068-10,a2,b1,0,0.375875,True,
syn-p069,syn-w069-01,a1,b1,1,0.781234,True,
syn-p069,syn-w069-02,a1,b1,1,0.755317,True,
syn-p069,syn-w069-03,a1,b1,1,0.812371,True,
syn-p069,syn-w069-04,a1,b1,1,0.60588,True,
syn-p069,syn-w069-05,a1,b1,1,0.647922,True,
syn-p069,syn-w069-06,a1,b1,0,0.478586,True,
syn-p069,syn-w069-07,a1,b1,1,0.742133,True,
syn-p069,syn-w069-08,a1,b1,0,0.284672,True,
syn-p069,syn-w069-09,a1,b1,0,0.466303,True,
syn-p069,syn-w069-10,a1,b1,0,0.324036,True,
syn-p070,syn-w070-01,a2,b2,1,0.72606,True,
syn-p070,syn-w070-02,a2,b2,0,0.030078,True,
syn-p070,syn-w070-03,a2,b2,1,0.47411,True,
syn-p070,syn-w070-04,a2,b2,,,False,synthetic_signal_insufficient
syn-p070,syn-w070-05,a2,b2,1,0.316461,True,
syn-p070,syn-w070-06,a2,b2,0,0.104652,True,
syn-p070,syn-w070-07,a2,b2,1,0.299069,True,
syn-p070,syn-w070-08,a2,b2,1,0.456204,True,
syn-p070,syn-w070-09,a2,b2,0,0.105286,True,
syn-p070,syn-w070-10,a2,b2,,,False,synthetic_signal_insufficient
syn-p071,syn-w071-01,a1,b2,0,0.314591,True,
syn-p071,syn-w071-02,a1,b2,,,False,synthetic_signal_insufficient
syn-p071,syn-w071-03,a1,b2,1,0.633614,True,
syn-p071,syn-w071-04,a1,b2,1,0.568637,True,
syn-p071,syn-w071-05,a1,b2,1,0.906106,True,
syn-p071,syn-w071-06,a1,b2,0,0.110609,True,
syn-p071,syn-w071-07,a1,b2,1,0.857261,True,
syn-p071,syn-w071-08,a1,b2,0,0.055228,True,
syn-p071,syn-w071-09,a1,b2,1,0.751572,True,
syn-p071,syn-w071-10,a1,b2,1,0.794241,True,
syn-p072,syn-w072-01,a2,b1,1,0.365725,True,
syn-p072,syn-w072-02,a2,b1,0,0.394496,True,
syn-p072,syn-w072-03,a2,b1,0,0.045603,True,
syn-p072,syn-w072-04,a2,b1,0,0.333984,True,
syn-p072,syn-w072-05,a2,b1,0,0.166689,True,
syn-p072,syn-w072-06,a2,b1,1,0.655926,True,
syn-p072,syn-w072-07,a2,b1,,,False,synthetic_signal_insufficient
syn-p072,syn-w072-08,a2,b1,0,0.50801,True,
syn-p072,syn-w072-09,a2,b1,1,0.29221,True,
syn-p072,syn-w072-10,a2,b1,1,0.714845,True,
syn-p073,syn-w073-01,a1,b1,0,0.356178,True,
syn-p073,syn-w073-02,a1,b1,1,0.869699,True,
syn-p073,syn-w073-03,a1,b1,0,0.274285,True,
syn-p073,syn-w073-04,a1,b1,0,0.120931,True,
syn-p073,syn-w073-05,a1,b1,,,False,synthetic_signal_insufficient
syn-p073,syn-w073-06,a1,b1,1,0.902053,True,
syn-p073,syn-w073-07,a1,b1,1,0.491195,True,
syn-p073,syn-w073-08,a1,b1,1,0.555477,True,
syn-p073,syn-w073-09,a1,b1,1,0.707624,True,
syn-p073,syn-w073-10,a1,b1,1,0.614772,True,
syn-p074,syn-w074-01,a2,b2,0,0.505474,True,
syn-p074,syn-w074-02,a2,b2,0,0.225481,True,
syn-p074,syn-w074-03,a2,b2,1,0.370373,True,
syn-p074,syn-w074-04,a2,b2,1,0.60717,True,
syn-p074,syn-w074-05,a2,b2,1,0.416211,True,
syn-p074,syn-w074-06,a2,b2,0,0.348063,True,
syn-p074,syn-w074-07,a2,b2,1,0.458238,True,
syn-p074,syn-w074-08,a2,b2,0,0.41375,True,
syn-p074,syn-w074-09,a2,b2,1,0.316668,True,
syn-p074,syn-w074-10,a2,b2,,,False,synthetic_signal_insufficient
syn-p075,syn-w075-01,a1,b2,0,0.441428,True,
syn-p075,syn-w075-02,a1,b2,,,False,synthetic_signal_insufficient
syn-p075,syn-w075-03,a1,b2,1,0.61145,True,
syn-p075,syn-w075-04,a1,b2,1,0.780871,True,
syn-p075,syn-w075-05,a1,b2,0,0.22002,True,
syn-p075,syn-w075-06,a1,b2,1,0.725121,True,
syn-p075,syn-w075-07,a1,b2,1,0.716116,True,
syn-p075,syn-w075-08,a1,b2,,,False,synthetic_signal_insufficient
syn-p075,syn-w075-09,a1,b2,1,0.870066,True,
syn-p075,syn-w075-10,a1,b2,1,0.85514,True,
syn-p076,syn-w076-01,a2,b1,0,0.154305,True,
syn-p076,syn-w076-02,a2,b1,0,0.235041,True,
syn-p076,syn-w076-03,a2,b1,1,0.33705,True,
syn-p076,syn-w076-04,a2,b1,0,0.364641,True,
syn-p076,syn-w076-05,a2,b1,1,0.697957,True,
syn-p076,syn-w076-06,a2,b1,1,0.723791,True,
syn-p076,syn-w076-07,a2,b1,1,0.665722,True,
syn-p076,syn-w076-08,a2,b1,0,0.068968,True,
syn-p076,syn-w076-09,a2,b1,0,0.506283,True,
syn-p076,syn-w076-10,a2,b1,0,0.324878,True,
syn-p077,syn-w077-01,a1,b1,1,0.935286,True,
syn-p077,syn-w077-02,a1,b1,1,0.689656,True,
syn-p077,syn-w077-03,a1,b1,1,0.750988,True,
syn-p077,syn-w077-04,a1,b1,1,0.75708,True,
syn-p077,syn-w077-05,a1,b1,,,False,synthetic_signal_insufficient
syn-p077,syn-w077-06,a1,b1,0,0.355296,True,
syn-p077,syn-w077-07,a1,b1,0,0.123767,True,
syn-p077,syn-w077-08,a1,b1,1,0.785446,True,
syn-p077,syn-w077-09,a1,b1,1,0.868318,True,
syn-p077,syn-w077-10,a1,b1,1,0.85842,True,
syn-p078,syn-w078-01,a2,b2,1,0.570841,True,
syn-p078,syn-w078-02,a2,b2,0,0.14126,True,
syn-p078,syn-w078-03,a2,b2,,,False,synthetic_signal_insufficient
syn-p078,syn-w078-04,a2,b2,0,0.11746,True,
syn-p078,syn-w078-05,a2,b2,0,0.143602,True,
syn-p078,syn-w078-06,a2,b2,1,0.73318,True,
syn-p078,syn-w078-07,a2,b2,0,0.112767,True,
syn-p078,syn-w078-08,a2,b2,1,0.395217,True,
syn-p078,syn-w078-09,a2,b2,1,0.418289,True,
syn-p078,syn-w078-10,a2,b2,0,0.191957,True,
syn-p079,syn-w079-01,a1,b2,0,0.044507,True,
syn-p079,syn-w079-02,a1,b2,0,0.203867,True,
syn-p079,syn-w079-03,a1,b2,1,0.583928,True,
syn-p079,syn-w079-04,a1,b2,1,0.813828,True,
syn-p079,syn-w079-05,a1,b2,1,0.682196,True,
syn-p079,syn-w079-06,a1,b2,1,0.718521,True,
syn-p079,syn-w079-07,a1,b2,0,0.433058,True,
syn-p079,syn-w079-08,a1,b2,,,False,synthetic_signal_insufficient
syn-p079,syn-w079-09,a1,b2,1,0.939848,True,
syn-p079,syn-w079-10,a1,b2,0,0.419668,True,
syn-p080,syn-w080-01,a2,b1,1,0.421874,True,
syn-p080,syn-w080-02,a2,b1,1,0.759936,True,
syn-p080,syn-w080-03,a2,b1,1,0.728107,True,
syn-p080,syn-w080-04,a2,b1,0,0.089028,True,
syn-p080,syn-w080-05,a2,b1,0,0.501388,True,
syn-p080,syn-w080-06,a2,b1,,,False,synthetic_signal_insufficient
syn-p080,syn-w080-07,a2,b1,0,0.299419,True,
syn-p080,syn-w080-08,a2,b1,1,0.398961,True,
syn-p080,syn-w080-09,a2,b1,1,0.617424,True,
syn-p080,syn-w080-10,a2,b1,0,0.116588,True,
syn-p081,syn-w081-01,a1,b1,1,0.560226,True,
syn-p081,syn-w081-02,a1,b1,1,0.822929,True,
syn-p081,syn-w081-03,a1,b1,1,0.935358,True,
syn-p081,syn-w081-04,a1,b1,1,0.969549,True,
syn-p081,syn-w081-05,a1,b1,1,0.623613,True,
syn-p081,syn-w081-06,a1,b1,0,0.474434,True,
syn-p081,syn-w081-07,a1,b1,1,0.63681,True,
syn-p081,syn-w081-08,a1,b1,1,0.584678,True,
syn-p081,syn-w081-09,a1,b1,1,0.691479,True,
syn-p081,syn-w081-10,a1,b1,1,0.505794,True,
syn-p082,syn-w082-01,a2,b2,0,0.267347,True,
syn-p082,syn-w082-02,a2,b2,0,0.050464,True,
syn-p082,syn-w082-03,a2,b2,,,False,synthetic_signal_insufficient
syn-p082,syn-w082-04,a2,b2,0,0.260209,True,
syn-p082,syn-w082-05,a2,b2,1,0.296995,True,
syn-p082,syn-w082-06,a2,b2,1,0.318357,True,
syn-p082,syn-w082-07,a2,b2,0,0.500538,True,
syn-p082,syn-w082-08,a2,b2,1,0.376482,True,
syn-p082,syn-w082-09,a2,b2,,,False,synthetic_signal_insufficient
syn-p082,syn-w082-10,a2,b2,1,0.732561,True,
syn-p083,syn-w083-01,a1,b2,,,False,synthetic_signal_insufficient
syn-p083,syn-w083-02,a1,b2,1,0.876157,True,
syn-p083,syn-w083-03,a1,b2,0,0.0334,True,
syn-p083,syn-w083-04,a1,b2,0,0.503652,True,
syn-p083,syn-w083-05,a1,b2,1,0.805739,True,
syn-p083,syn-w083-06,a1,b2,0,0.403667,True,
syn-p083,syn-w083-07,a1,b2,1,0.955929,True,
syn-p083,syn-w083-08,a1,b2,0,0.133184,True,
syn-p083,syn-w083-09,a1,b2,1,0.920773,True,
syn-p083,syn-w083-10,a1,b2,1,0.831291,True,
syn-p084,syn-w084-01,a2,b1,0,0.182307,True,
syn-p084,syn-w084-02,a2,b1,0,0.355533,True,
syn-p084,syn-w084-03,a2,b1,1,0.600941,True,
syn-p084,syn-w084-04,a2,b1,0,0.416087,True,
syn-p084,syn-w084-05,a2,b1,0,0.374192,True,
syn-p084,syn-w084-06,a2,b1,,,False,synthetic_signal_insufficient
syn-p084,syn-w084-07,a2,b1,0,0.28936,True,
syn-p084,syn-w084-08,a2,b1,1,0.573602,True,
syn-p084,syn-w084-09,a2,b1,0,0.485564,True,
syn-p084,syn-w084-10,a2,b1,1,0.768497,True,
syn-p085,syn-w085-01,a1,b1,1,0.924346,True,
syn-p085,syn-w085-02,a1,b1,0,0.471333,True,
syn-p085,syn-w085-03,a1,b1,1,0.817783,True,
syn-p085,syn-w085-04,a1,b1,,,False,synthetic_signal_insufficient
syn-p085,syn-w085-05,a1,b1,1,0.591043,True,
syn-p085,syn-w085-06,a1,b1,0,0.174502,True,
syn-p085,syn-w085-07,a1,b1,0,0.272436,True,
syn-p085,syn-w085-08,a1,b1,1,0.68382,True,
syn-p085,syn-w085-09,a1,b1,1,0.606526,True,
syn-p085,syn-w085-10,a1,b1,0,0.328629,True,
syn-p086,syn-w086-01,a2,b2,1,0.694843,True,
syn-p086,syn-w086-02,a2,b2,1,0.458248,True,
syn-p086,syn-w086-03,a2,b2,1,0.537063,True,
syn-p086,syn-w086-04,a2,b2,1,0.508785,True,
syn-p086,syn-w086-05,a2,b2,0,0.322037,True,
syn-p086,syn-w086-06,a2,b2,1,0.618139,True,
syn-p086,syn-w086-07,a2,b2,1,0.571999,True,
syn-p086,syn-w086-08,a2,b2,1,0.691534,True,
syn-p086,syn-w086-09,a2,b2,,,False,synthetic_signal_insufficient
syn-p086,syn-w086-10,a2,b2,0,0.328232,True,
syn-p087,syn-w087-01,a1,b2,,,False,synthetic_signal_insufficient
syn-p087,syn-w087-02,a1,b2,1,0.927545,True,
syn-p087,syn-w087-03,a1,b2,1,0.884875,True,
syn-p087,syn-w087-04,a1,b2,1,0.595188,True,
syn-p087,syn-w087-05,a1,b2,1,0.827173,True,
syn-p087,syn-w087-06,a1,b2,0,0.238055,True,
syn-p087,syn-w087-07,a1,b2,,,False,synthetic_signal_insufficient
syn-p087,syn-w087-08,a1,b2,1,0.49069,True,
syn-p087,syn-w087-09,a1,b2,0,0.111834,True,
syn-p087,syn-w087-10,a1,b2,0,0.487734,True,
syn-p088,syn-w088-01,a2,b1,1,0.435532,True,
syn-p088,syn-w088-02,a2,b1,1,0.315599,True,
syn-p088,syn-w088-03,a2,b1,0,0.224596,True,
syn-p088,syn-w088-04,a2,b1,1,0.603828,True,
syn-p088,syn-w088-05,a2,b1,0,0.19774,True,
syn-p088,syn-w088-06,a2,b1,1,0.663875,True,
syn-p088,syn-w088-07,a2,b1,1,0.375362,True,
syn-p088,syn-w088-08,a2,b1,1,0.69005,True,
syn-p088,syn-w088-09,a2,b1,0,0.406809,True,
syn-p088,syn-w088-10,a2,b1,0,0.502798,True,
syn-p089,syn-w089-01,a1,b1,0,0.200348,True,
syn-p089,syn-w089-02,a1,b1,0,0.396877,True,
syn-p089,syn-w089-03,a1,b1,1,0.760099,True,
syn-p089,syn-w089-04,a1,b1,,,False,synthetic_signal_insufficient
syn-p089,syn-w089-05,a1,b1,0,0.14554,True,
syn-p089,syn-w089-06,a1,b1,0,0.176499,True,
syn-p089,syn-w089-07,a1,b1,1,0.825991,True,
syn-p089,syn-w089-08,a1,b1,0,0.418889,True,
syn-p089,syn-w089-09,a1,b1,1,0.502043,True,
syn-p089,syn-w089-10,a1,b1,,,False,synthetic_signal_insufficient
syn-p090,syn-w090-01,a2,b2,1,0.443628,True,
syn-p090,syn-w090-02,a2,b2,,,False,synthetic_signal_insufficient
syn-p090,syn-w090-03,a2,b2,1,0.440838,True,
syn-p090,syn-w090-04,a2,b2,0,0.042068,True,
syn-p090,syn-w090-05,a2,b2,1,0.497733,True,
syn-p090,syn-w090-06,a2,b2,0,0.43725,True,
syn-p090,syn-w090-07,a2,b2,1,0.550958,True,
syn-p090,syn-w090-08,a2,b2,1,0.691631,True,
syn-p090,syn-w090-09,a2,b2,1,0.659421,True,
syn-p090,syn-w090-10,a2,b2,1,0.397338,True,
syn-p091,syn-w091-01,a1,b2,0,0.345436,True,
syn-p091,syn-w091-02,a1,b2,0,0.05129,True,
syn-p091,syn-w091-03,a1,b2,0,0.477396,True,
syn-p091,syn-w091-04,a1,b2,0,0.131203,True,
syn-p091,syn-w091-05,a1,b2,0,0.495686,True,
syn-p091,syn-w091-06,a1,b2,1,0.683419,True,
syn-p091,syn-w091-07,a1,b2,,,False,synthetic_signal_insufficient
syn-p091,syn-w091-08,a1,b2,0,0.042093,True,
syn-p091,syn-w091-09,a1,b2,0,0.311566,True,
syn-p091,syn-w091-10,a1,b2,1,0.519691,True,
syn-p092,syn-w092-01,a2,b1,0,0.446857,True,
syn-p092,syn-w092-02,a2,b1,1,0.335321,True,
syn-p092,syn-w092-03,a2,b1,0,0.454985,True,
syn-p092,syn-w092-04,a2,b1,1,0.600949,True,
syn-p092,syn-w092-05,a2,b1,,,False,synthetic_signal_insufficient
syn-p092,syn-w092-06,a2,b1,0,0.2191,True,
syn-p092,syn-w092-07,a2,b1,1,0.542776,True,
syn-p092,syn-w092-08,a2,b1,1,0.360709,True,
syn-p092,syn-w092-09,a2,b1,0,0.12086,True,
syn-p092,syn-w092-10,a2,b1,0,0.488466,True,
syn-p093,syn-w093-01,a1,b1,0,0.205718,True,
syn-p093,syn-w093-02,a1,b1,0,0.271441,True,
syn-p093,syn-w093-03,a1,b1,1,0.57926,True,
syn-p093,syn-w093-04,a1,b1,1,0.952653,True,
syn-p093,syn-w093-05,a1,b1,1,0.745424,True,
syn-p093,syn-w093-06,a1,b1,0,0.244955,True,
syn-p093,syn-w093-07,a1,b1,1,0.503764,True,
syn-p093,syn-w093-08,a1,b1,1,0.615423,True,
syn-p093,syn-w093-09,a1,b1,1,0.904205,True,
syn-p093,syn-w093-10,a1,b1,,,False,synthetic_signal_insufficient
syn-p094,syn-w094-01,a2,b2,1,0.448655,True,
syn-p094,syn-w094-02,a2,b2,,,False,synthetic_signal_insufficient
syn-p094,syn-w094-03,a2,b2,0,0.27863,True,
syn-p094,syn-w094-04,a2,b2,0,0.102597,True,
syn-p094,syn-w094-05,a2,b2,0,0.318953,True,
syn-p094,syn-w094-06,a2,b2,1,0.668108,True,
syn-p094,syn-w094-07,a2,b2,1,0.683629,True,
syn-p094,syn-w094-08,a2,b2,,,False,synthetic_signal_insufficient
syn-p094,syn-w094-09,a2,b2,0,0.265753,True,
syn-p094,syn-w094-10,a2,b2,1,0.528742,True,
syn-p095,syn-w095-01,a1,b2,1,0.90263,True,
syn-p095,syn-w095-02,a1,b2,0,0.416158,True,
syn-p095,syn-w095-03,a1,b2,0,0.408808,True,
syn-p095,syn-w095-04,a1,b2,1,0.631811,True,
syn-p095,syn-w095-05,a1,b2,0,0.04973,True,
syn-p095,syn-w095-06,a1,b2,0,0.204458,True,
syn-p095,syn-w095-07,a1,b2,1,0.57624,True,
syn-p095,syn-w095-08,a1,b2,1,0.697595,True,
syn-p095,syn-w095-09,a1,b2,0,0.440986,True,
syn-p095,syn-w095-10,a1,b2,0,0.425426,True,
syn-p096,syn-w096-01,a2,b1,1,0.338012,True,
syn-p096,syn-w096-02,a2,b1,1,0.732926,True,
syn-p096,syn-w096-03,a2,b1,1,0.421869,True,
syn-p096,syn-w096-04,a2,b1,1,0.421974,True,
syn-p096,syn-w096-05,a2,b1,,,False,synthetic_signal_insufficient
syn-p096,syn-w096-06,a2,b1,1,0.410586,True,
syn-p096,syn-w096-07,a2,b1,1,0.38376,True,
syn-p096,syn-w096-08,a2,b1,0,0.033289,True,
syn-p096,syn-w096-09,a2,b1,0,0.242206,True,
syn-p096,syn-w096-10,a2,b1,1,0.363023,True,
