scenario_id,repetition,seed,data_classification,device_class,profile,load,inference_location,temperature_c,cpu_load_percent,duration_seconds,balanced_accuracy,ece,brier,coverage,latency_ms_p50,latency_ms_p95,memory_mb_peak,network_kb,energy_wh_approx,uncertainty_entropy,raw_media_transmitted
constrained__low__idle__local_device,1,28017,synthetic_controlled_simulation,constrained,low,idle,local_device,21.581,23.898,120.0,0.735874,0.122924,0.232991,0.715998,59.246,74.294,147.885,0.0,0.331631,0.406926,False
constrained__low__idle__local_device,2,28017,synthetic_controlled_simulation,constrained,low,idle,local_device,21.49,25.698,120.0,0.733154,0.122619,0.23335,0.718226,58.423,74.159,144.044,0.0,0.319809,0.404392,False
constrained__low__idle__local_device,3,28017,synthetic_controlled_simulation,constrained,low,idle,local_device,22.323,22.192,120.0,0.728946,0.124779,0.234564,0.709231,57.137,73.39,143.731,0.0,0.323913,0.415549,False
constrained__low__idle__local_device,4,28017,synthetic_controlled_simulation,constrained,low,idle,local_device,22.595,24.638,120.0,0.735615,0.129025,0.234558,0.711199,57.362,71.761,145.714,0.0,0.31548,0.417826,False
constrained__low__idle__local_device,5,28017,synthetic_controlled_simulation,constrained,low,idle,local_device,21.483,22.116,120.0,0.735925,0.123331,0.233085,0.704521,55.615,70.137,144.147,0.0,0.326637,0.418811,False
constrained__low__idle__local_fallback,1,28017,synthetic_controlled_simulation,constrained,low,idle,local_fallback,22.517,23.79,120.0,,,,0.0,3.863,4.829,46.75,0.0,0.0702,1.0,False
constrained__low__idle__local_fallback,2,28017,synthetic_controlled_simulation,constrained,low,idle,local_fallback,22.366,23.598,120.0,,,,0.0,3.964,4.955,46.75,0.0,0.0702,1.0,False
constrained__low__idle__local_fallback,3,28017,synthetic_controlled_simulation,constrained,low,idle,local_fallback,22.513,22.804,120.0,,,,0.0,3.795,4.744,46.75,0.0,0.0702,1.0,False
constrained__low__idle__local_fallback,4,28017,synthetic_controlled_simulation,constrained,low,idle,local_fallback,22.202,26.943,120.0,,,,0.0,4.292,5.364,46.75,0.0,0.0702,1.0,False
constrained__low__idle__local_fallback,5,28017,synthetic_controlled_simulation,constrained,low,idle,local_fallback,22.125,25.991,120.0,,,,0.0,3.939,4.923,46.75,0.0,0.0702,1.0,False
constrained__low__nominal__local_device,1,28017,synthetic_controlled_simulation,constrained,low,nominal,local_device,22.105,53.414,120.0,0.715574,0.130286,0.23808,0.691591,75.256,96.49,142.534,0.0,0.413071,0.438695,False
constrained__low__nominal__local_device,2,28017,synthetic_controlled_simulation,constrained,low,nominal,local_device,21.546,52.196,120.0,0.716886,0.137167,0.23959,0.698878,74.719,93.226,142.5,0.0,0.428302,0.43829,False
constrained__low__nominal__local_device,3,28017,synthetic_controlled_simulation,constrained,low,nominal,local_device,21.698,54.115,120.0,0.719064,0.130816,0.237654,0.687888,71.318,91.099,141.275,0.0,0.412214,0.442927,False
constrained__low__nominal__local_device,4,28017,synthetic_controlled_simulation,constrained,low,nominal,local_device,22.65,53.21,120.0,0.722745,0.129689,0.236783,0.699298,74.687,96.505,143.604,0.0,0.420589,0.430391,False
constrained__low__nominal__local_device,5,28017,synthetic_controlled_simulation,constrained,low,nominal,local_device,21.475,52.775,120.0,0.716666,0.133223,0.238639,0.691489,72.723,92.47,146.4,0.0,0.412066,0.441734,False
constrained__low__nominal__local_fallback,1,28017,synthetic_controlled_simulation,constrained,low,nominal,local_fallback,22.311,53.303,120.0,,,,0.0,4.198,5.248,46.75,0.0,0.09,1.0,False
constrained__low__nominal__local_fallback,2,28017,synthetic_controlled_simulation,constrained,low,nominal,local_fallback,22.351,56.203,120.0,,,,0.0,3.719,4.648,46.75,0.0,0.09,1.0,False
constrained__low__nominal__local_fallback,3,28017,synthetic_controlled_simulation,constrained,low,nominal,local_fallback,22.376,53.379,120.0,,,,0.0,3.89,4.863,46.75,0.0,0.09,1.0,False
constrained__low__nominal__local_fallback,4,28017,synthetic_controlled_simulation,constrained,low,nominal,local_fallback,21.719,57.722,120.0,,,,0.0,3.864,4.831,46.75,0.0,0.09,1.0,False
constrained__low__nominal__local_fallback,5,28017,synthetic_controlled_simulation,constrained,low,nominal,local_fallback,21.809,53.333,120.0,,,,0.0,4.13,5.162,46.75,0.0,0.09,1.0,False
constrained__low__busy__local_device,1,28017,synthetic_controlled_simulation,constrained,low,busy,local_device,22.359,85.698,120.0,0.705709,0.146165,0.243628,0.653469,108.442,138.054,145.807,0.0,0.618941,0.492696,False
constrained__low__busy__local_device,2,28017,synthetic_controlled_simulation,constrained,low,busy,local_device,22.423,90.368,120.0,0.69628,0.146094,0.245119,0.653841,106.656,135.579,144.135,0.0,0.594262,0.492253,False
constrained__low__busy__local_device,3,28017,synthetic_controlled_simulation,constrained,low,busy,local_device,22.544,89.942,120.0,0.69921,0.152216,0.246181,0.655915,109.583,137.788,143.077,0.0,0.609504,0.496302,False
constrained__low__busy__local_device,4,28017,synthetic_controlled_simulation,constrained,low,busy,local_device,21.491,88.839,120.0,0.69462,0.149909,0.246338,0.649446,108.813,140.763,141.107,0.0,0.623873,0.500463,False
constrained__low__busy__local_device,5,28017,synthetic_controlled_simulation,constrained,low,busy,local_device,22.074,89.893,120.0,0.695809,0.148577,0.245815,0.645116,109.284,140.794,141.536,0.0,0.610785,0.503461,False
constrained__low__busy__local_fallback,1,28017,synthetic_controlled_simulation,constrained,low,busy,local_fallback,21.975,88.904,120.0,,,,0.0,3.871,4.839,46.75,0.0,0.1332,1.0,False
constrained__low__busy__local_fallback,2,28017,synthetic_controlled_simulation,constrained,low,busy,local_fallback,21.347,89.08,120.0,,,,0.0,3.936,4.92,46.75,0.0,0.1332,1.0,False
constrained__low__busy__local_fallback,3,28017,synthetic_controlled_simulation,constrained,low,busy,local_fallback,21.687,90.116,120.0,,,,0.0,4.152,5.19,46.75,0.0,0.1332,1.0,False
constrained__low__busy__local_fallback,4,28017,synthetic_controlled_simulation,constrained,low,busy,local_fallback,21.43,88.315,120.0,,,,0.0,4.136,5.17,46.75,0.0,0.1332,1.0,False
constrained__low__busy__local_fallback,5,28017,synthetic_controlled_simulation,constrained,low,busy,local_fallback,21.656,85.2,120.0,,,,0.0,3.739,4.673,46.75,0.0,0.1332,1.0,False
constrained__balanced__idle__local_device,1,28017,synthetic_controlled_simulation,constrained,balanced,idle,local_device,21.483,22.253,120.0,0.801203,0.092025,0.214814,0.849177,98.417,126.776,241.038,0.0,0.542511,0.242848,False
constrained__balanced__idle__local_device,2,28017,synthetic_controlled_simulation,constrained,balanced,idle,local_device,21.522,25.152,120.0,0.798827,0.09461,0.21584,0.839602,100.355,126.278,244.002,0.0,0.57142,0.255007,False
constrained__balanced__idle__local_device,3,28017,synthetic_controlled_simulation,constrained,balanced,idle,local_device,22.64,26.408,120.0,0.799097,0.090248,0.214707,0.835442,100.926,126.18,239.386,0.0,0.541014,0.254806,False
constrained__balanced__idle__local_device,4,28017,synthetic_controlled_simulation,constrained,balanced,idle,local_device,22.408,21.148,120.0,0.805892,0.091381,0.213903,0.842031,101.344,131.445,243.168,0.0,0.54872,0.24935,False
constrained__balanced__idle__local_device,5,28017,synthetic_controlled_simulation,constrained,balanced,idle,local_device,22.034,25.514,120.0,0.80055,0.088048,0.213924,0.843949,98.13,125.98,246.949,0.0,0.576777,0.244099,False
constrained__balanced__idle__local_fallback,1,28017,synthetic_controlled_simulation,constrained,balanced,idle,local_fallback,21.316,26.128,120.0,,,,0.0,3.764,4.705,46.75,0.0,0.0702,1.0,False
constrained__balanced__idle__local_fallback,2,28017,synthetic_controlled_simulation,constrained,balanced,idle,local_fallback,21.586,25.833,120.0,,,,0.0,4.194,5.242,46.75,0.0,0.0702,1.0,False
constrained__balanced__idle__local_fallback,3,28017,synthetic_controlled_simulation,constrained,balanced,idle,local_fallback,22.182,23.06,120.0,,,,0.0,3.88,4.849,46.75,0.0,0.0702,1.0,False
constrained__balanced__idle__local_fallback,4,28017,synthetic_controlled_simulation,constrained,balanced,idle,local_fallback,21.939,25.205,120.0,,,,0.0,4.235,5.294,46.75,0.0,0.0702,1.0,False
constrained__balanced__idle__local_fallback,5,28017,synthetic_controlled_simulation,constrained,balanced,idle,local_fallback,21.775,23.657,120.0,,,,0.0,4.261,5.327,46.75,0.0,0.0702,1.0,False
constrained__balanced__nominal__local_device,1,28017,synthetic_controlled_simulation,constrained,balanced,nominal,local_device,22.509,57.873,120.0,0.795112,0.09869,0.217455,0.824912,125.731,159.695,244.734,0.0,0.734738,0.273779,False
constrained__balanced__nominal__local_device,2,28017,synthetic_controlled_simulation,constrained,balanced,nominal,local_device,22.373,56.511,120.0,0.788263,0.101968,0.21937,0.829098,124.267,155.014,243.61,0.0,0.686842,0.27287,False
constrained__balanced__nominal__local_device,3,28017,synthetic_controlled_simulation,constrained,balanced,nominal,local_device,22.334,56.252,120.0,0.792768,0.098793,0.217855,0.828015,121.876,153.457,240.6,0.0,0.693585,0.270779,False
constrained__balanced__nominal__local_device,4,28017,synthetic_controlled_simulation,constrained,balanced,nominal,local_device,22.366,53.92,120.0,0.79678,0.100277,0.217584,0.825661,122.519,159.229,242.361,0.0,0.71418,0.274615,False
constrained__balanced__nominal__local_device,5,28017,synthetic_controlled_simulation,constrained,balanced,nominal,local_device,21.936,54.693,120.0,0.796964,0.097374,0.216829,0.824495,121.752,158.097,243.794,0.0,0.688059,0.272879,False
constrained__balanced__nominal__local_fallback,1,28017,synthetic_controlled_simulation,constrained,balanced,nominal,local_fallback,21.634,52.322,120.0,,,,0.0,4.186,5.233,46.75,0.0,0.09,1.0,False
constrained__balanced__nominal__local_fallback,2,28017,synthetic_controlled_simulation,constrained,balanced,nominal,local_fallback,22.424,54.656,120.0,,,,0.0,3.84,4.8,46.75,0.0,0.09,1.0,False
constrained__balanced__nominal__local_fallback,3,28017,synthetic_controlled_simulation,constrained,balanced,nominal,local_fallback,22.612,54.985,120.0,,,,0.0,4.049,5.061,46.75,0.0,0.09,1.0,False
constrained__balanced__nominal__local_fallback,4,28017,synthetic_controlled_simulation,constrained,balanced,nominal,local_fallback,21.471,53.417,120.0,,,,0.0,3.95,4.938,46.75,0.0,0.09,1.0,False
constrained__balanced__nominal__local_fallback,5,28017,synthetic_controlled_simulation,constrained,balanced,nominal,local_fallback,21.462,54.861,120.0,,,,0.0,3.885,4.856,46.75,0.0,0.09,1.0,False
constrained__balanced__busy__local_device,1,28017,synthetic_controlled_simulation,constrained,balanced,busy,local_device,22.19,87.307,120.0,0.772461,0.111135,0.22419,0.779641,181.579,226.53,240.012,0.0,1.088561,0.331494,False
constrained__balanced__busy__local_device,2,28017,synthetic_controlled_simulation,constrained,balanced,busy,local_device,21.801,90.261,120.0,0.772542,0.11126,0.224208,0.787887,187.736,241.172,244.5,0.0,1.069789,0.323373,False
constrained__balanced__busy__local_device,3,28017,synthetic_controlled_simulation,constrained,balanced,busy,local_device,21.475,90.387,120.0,0.774018,0.109646,0.223569,0.777226,183.462,227.939,237.327,0.0,1.038483,0.33242,False
constrained__balanced__busy__local_device,4,28017,synthetic_controlled_simulation,constrained,balanced,busy,local_device,21.431,86.259,120.0,0.764665,0.115544,0.226539,0.78441,191.209,242.828,239.608,0.0,1.026276,0.331134,False
constrained__balanced__busy__local_device,5,28017,synthetic_controlled_simulation,constrained,balanced,busy,local_device,22.136,87.308,120.0,0.770171,0.112845,0.224984,0.773549,180.817,228.976,237.598,0.0,1.07359,0.339296,False
constrained__balanced__busy__local_fallback,1,28017,synthetic_controlled_simulation,constrained,balanced,busy,local_fallback,22.641,86.358,120.0,,,,0.0,4.0,5.001,46.75,0.0,0.1332,1.0,False
constrained__balanced__busy__local_fallback,2,28017,synthetic_controlled_simulation,constrained,balanced,busy,local_fallback,21.841,89.404,120.0,,,,0.0,4.055,5.068,46.75,0.0,0.1332,1.0,False
constrained__balanced__busy__local_fallback,3,28017,synthetic_controlled_simulation,constrained,balanced,busy,local_fallback,21.498,90.043,120.0,,,,0.0,4.265,5.331,46.75,0.0,0.1332,1.0,False
constrained__balanced__busy__local_fallback,4,28017,synthetic_controlled_simulation,constrained,balanced,busy,local_fallback,22.078,88.048,120.0,,,,0.0,4.171,5.213,46.75,0.0,0.1332,1.0,False
constrained__balanced__busy__local_fallback,5,28017,synthetic_controlled_simulation,constrained,balanced,busy,local_fallback,21.569,87.749,120.0,,,,0.0,4.294,5.368,46.75,0.0,0.1332,1.0,False
constrained__high__idle__local_device,1,28017,synthetic_controlled_simulation,constrained,high,idle,local_device,22.689,25.935,120.0,0.748081,0.139714,0.235235,0.793463,159.634,201.792,408.224,0.0,0.903517,0.346251,False
constrained__high__idle__local_device,2,28017,synthetic_controlled_simulation,constrained,high,idle,local_device,21.776,24.197,120.0,0.745622,0.135916,0.23468,0.786097,163.478,207.734,393.47,0.0,0.893636,0.34982,False
constrained__high__idle__local_device,3,28017,synthetic_controlled_simulation,constrained,high,idle,local_device,22.44,21.826,120.0,0.747671,0.139304,0.235199,0.799209,165.321,209.998,389.808,0.0,0.871155,0.340095,False
constrained__high__idle__local_device,4,28017,synthetic_controlled_simulation,constrained,high,idle,local_device,22.52,26.408,120.0,0.742224,0.134753,0.234932,0.791512,158.323,197.513,401.32,0.0,0.922092,0.34324,False
constrained__high__idle__local_device,5,28017,synthetic_controlled_simulation,constrained,high,idle,local_device,21.827,21.594,120.0,0.739948,0.14164,0.237018,0.798966,158.575,205.545,395.318,0.0,0.934416,0.342674,False
constrained__high__idle__local_fallback,1,28017,synthetic_controlled_simulation,constrained,high,idle,local_fallback,21.874,25.623,120.0,,,,0.0,3.917,4.896,46.75,0.0,0.0702,1.0,False
constrained__high__idle__local_fallback,2,28017,synthetic_controlled_simulation,constrained,high,idle,local_fallback,22.212,22.113,120.0,,,,0.0,3.872,4.84,46.75,0.0,0.0702,1.0,False
constrained__high__idle__local_fallback,3,28017,synthetic_controlled_simulation,constrained,high,idle,local_fallback,21.983,26.348,120.0,,,,0.0,3.853,4.816,46.75,0.0,0.0702,1.0,False
constrained__high__idle__local_fallback,4,28017,synthetic_controlled_simulation,constrained,high,idle,local_fallback,21.975,23.223,120.0,,,,0.0,4.022,5.028,46.75,0.0,0.0702,1.0,False
constrained__high__idle__local_fallback,5,28017,synthetic_controlled_simulation,constrained,high,idle,local_fallback,22.238,22.858,120.0,,,,0.0,3.892,4.865,46.75,0.0,0.0702,1.0,False
constrained__high__nominal__local_device,1,28017,synthetic_controlled_simulation,constrained,high,nominal,local_device,21.584,57.778,120.0,0.741104,0.146061,0.237939,0.773982,209.982,268.614,398.382,0.0,1.130711,0.37208,False
constrained__high__nominal__local_device,2,28017,synthetic_controlled_simulation,constrained,high,nominal,local_device,21.747,53.86,120.0,0.731744,0.149118,0.240201,0.770905,211.766,266.011,394.715,0.0,1.173974,0.378213,False
constrained__high__nominal__local_device,3,28017,synthetic_controlled_simulation,constrained,high,nominal,local_device,21.715,55.323,120.0,0.732918,0.148514,0.239862,0.771839,210.314,264.968,400.977,0.0,1.195394,0.376675,False
constrained__high__nominal__local_device,4,28017,synthetic_controlled_simulation,constrained,high,nominal,local_device,22.618,55.851,120.0,0.741058,0.149115,0.238709,0.765685,203.27,257.355,408.805,0.0,1.181533,0.383429,False
constrained__high__nominal__local_device,5,28017,synthetic_controlled_simulation,constrained,high,nominal,local_device,21.335,52.105,120.0,0.74215,0.146684,0.237927,0.7719,209.097,265.579,407.154,0.0,1.188516,0.374784,False
constrained__high__nominal__local_fallback,1,28017,synthetic_controlled_simulation,constrained,high,nominal,local_fallback,21.434,57.643,120.0,,,,0.0,4.062,5.078,46.75,0.0,0.09,1.0,False
constrained__high__nominal__local_fallback,2,28017,synthetic_controlled_simulation,constrained,high,nominal,local_fallback,21.462,53.347,120.0,,,,0.0,4.03,5.037,46.75,0.0,0.09,1.0,False
constrained__high__nominal__local_fallback,3,28017,synthetic_controlled_simulation,constrained,high,nominal,local_fallback,21.954,53.482,120.0,,,,0.0,3.832,4.79,46.75,0.0,0.09,1.0,False
constrained__high__nominal__local_fallback,4,28017,synthetic_controlled_simulation,constrained,high,nominal,local_fallback,21.645,55.298,120.0,,,,0.0,4.141,5.176,46.75,0.0,0.09,1.0,False
constrained__high__nominal__local_fallback,5,28017,synthetic_controlled_simulation,constrained,high,nominal,local_fallback,21.463,52.311,120.0,,,,0.0,3.878,4.847,46.75,0.0,0.09,1.0,False
constrained__high__busy__local_device,1,28017,synthetic_controlled_simulation,constrained,high,busy,local_device,21.934,85.338,120.0,0.711613,0.156729,0.245324,0.728226,302.33,383.141,408.557,0.0,1.727607,0.428503,False
constrained__high__busy__local_device,2,28017,synthetic_controlled_simulation,constrained,high,busy,local_device,22.628,86.091,120.0,0.713574,0.158713,0.245506,0.733933,306.038,389.729,393.061,0.0,1.661472,0.424779,False
constrained__high__busy__local_device,3,28017,synthetic_controlled_simulation,constrained,high,busy,local_device,21.704,85.905,120.0,0.71856,0.161363,0.245371,0.735875,300.962,388.351,404.741,0.0,1.677265,0.425488,False
constrained__high__busy__local_device,4,28017,synthetic_controlled_simulation,constrained,high,busy,local_device,22.07,89.369,120.0,0.716869,0.161655,0.245715,0.728063,312.176,390.54,408.629,0.0,1.778195,0.433592,False
constrained__high__busy__local_device,5,28017,synthetic_controlled_simulation,constrained,high,busy,local_device,22.361,85.527,120.0,0.710063,0.160874,0.246608,0.723421,314.788,391.181,403.798,0.0,1.726155,0.437453,False
constrained__high__busy__local_fallback,1,28017,synthetic_controlled_simulation,constrained,high,busy,local_fallback,21.733,88.881,120.0,,,,0.0,3.762,4.702,46.75,0.0,0.1332,1.0,False
constrained__high__busy__local_fallback,2,28017,synthetic_controlled_simulation,constrained,high,busy,local_fallback,21.758,86.637,120.0,,,,0.0,3.742,4.678,46.75,0.0,0.1332,1.0,False
constrained__high__busy__local_fallback,3,28017,synthetic_controlled_simulation,constrained,high,busy,local_fallback,22.67,87.463,120.0,,,,0.0,3.827,4.783,46.75,0.0,0.1332,1.0,False
constrained__high__busy__local_fallback,4,28017,synthetic_controlled_simulation,constrained,high,busy,local_fallback,21.451,85.057,120.0,,,,0.0,4.009,5.011,46.75,0.0,0.1332,1.0,False
constrained__high__busy__local_fallback,5,28017,synthetic_controlled_simulation,constrained,high,busy,local_fallback,22.182,87.641,120.0,,,,0.0,3.934,4.918,46.75,0.0,0.1332,1.0,False
standard__low__idle__local_device,1,28017,synthetic_controlled_simulation,standard,low,idle,local_device,21.977,25.937,120.0,0.744436,0.1193,0.230715,0.723518,32.748,41.415,166.434,0.0,0.437456,0.395783,False
standard__low__idle__local_device,2,28017,synthetic_controlled_simulation,standard,low,idle,local_device,21.641,25.654,120.0,0.740359,0.120594,0.231691,0.737015,32.294,41.245,167.829,0.0,0.431184,0.383578,False
standard__low__idle__local_device,3,28017,synthetic_controlled_simulation,standard,low,idle,local_device,21.668,26.327,120.0,0.734095,0.11877,0.232237,0.735408,32.05,40.833,170.536,0.0,0.427589,0.383362,False
standard__low__idle__local_device,4,28017,synthetic_controlled_simulation,standard,low,idle,local_device,22.641,25.953,120.0,0.736572,0.11641,0.231251,0.728265,33.775,42.128,171.162,0.0,0.424062,0.388146,False
standard__low__idle__local_device,5,28017,synthetic_controlled_simulation,standard,low,idle,local_device,22.307,24.958,120.0,0.740577,0.123388,0.232355,0.735394,31.68,39.738,172.705,0.0,0.430791,0.387993,False
standard__low__idle__local_fallback,1,28017,synthetic_controlled_simulation,standard,low,idle,local_fallback,21.869,25.689,120.0,,,,0.0,3.922,4.902,55.0,0.0,0.0936,1.0,False
standard__low__idle__local_fallback,2,28017,synthetic_controlled_simulation,standard,low,idle,local_fallback,22.262,26.284,120.0,,,,0.0,4.016,5.021,55.0,0.0,0.0936,1.0,False
standard__low__idle__local_fallback,3,28017,synthetic_controlled_simulation,standard,low,idle,local_fallback,21.842,26.197,120.0,,,,0.0,4.144,5.18,55.0,0.0,0.0936,1.0,False
standard__low__idle__local_fallback,4,28017,synthetic_controlled_simulation,standard,low,idle,local_fallback,22.408,24.667,120.0,,,,0.0,3.89,4.863,55.0,0.0,0.0936,1.0,False
standard__low__idle__local_fallback,5,28017,synthetic_controlled_simulation,standard,low,idle,local_fallback,22.63,22.264,120.0,,,,0.0,4.292,5.365,55.0,0.0,0.0936,1.0,False
standard__low__nominal__local_device,1,28017,synthetic_controlled_simulation,standard,low,nominal,local_device,21.663,56.797,120.0,0.742501,0.117948,0.230687,0.727999,42.475,53.632,171.62,0.0,0.532812,0.389949,False
standard__low__nominal__local_device,2,28017,synthetic_controlled_simulation,standard,low,nominal,local_device,22.387,54.911,120.0,0.744255,0.122688,0.231591,0.725299,40.82,52.802,171.204,0.0,0.529856,0.397389,False
standard__low__nominal__local_device,3,28017,synthetic_controlled_simulation,standard,low,nominal,local_device,22.694,53.816,120.0,0.745631,0.118378,0.230294,0.7291,42.474,54.274,172.624,0.0,0.547746,0.389278,False
standard__low__nominal__local_device,4,28017,synthetic_controlled_simulation,standard,low,nominal,local_device,22.223,52.038,120.0,0.741741,0.119777,0.231266,0.730205,40.559,51.52,166.068,0.0,0.567851,0.389572,False
standard__low__nominal__local_device,5,28017,synthetic_controlled_simulation,standard,low,nominal,local_device,22.205,57.686,120.0,0.74437,0.123185,0.231697,0.734149,40.877,52.254,172.395,0.0,0.567103,0.389036,False
standard__low__nominal__local_fallback,1,28017,synthetic_controlled_simulation,standard,low,nominal,local_fallback,22.643,52.451,120.0,,,,0.0,4.007,5.009,55.0,0.0,0.12,1.0,False
standard__low__nominal__local_fallback,2,28017,synthetic_controlled_simulation,standard,low,nominal,local_fallback,22.665,54.451,120.0,,,,0.0,4.123,5.154,55.0,0.0,0.12,1.0,False
standard__low__nominal__local_fallback,3,28017,synthetic_controlled_simulation,standard,low,nominal,local_fallback,21.93,55.381,120.0,,,,0.0,4.103,5.129,55.0,0.0,0.12,1.0,False
standard__low__nominal__local_fallback,4,28017,synthetic_controlled_simulation,standard,low,nominal,local_fallback,21.727,54.586,120.0,,,,0.0,3.759,4.698,55.0,0.0,0.12,1.0,False
standard__low__nominal__local_fallback,5,28017,synthetic_controlled_simulation,standard,low,nominal,local_fallback,21.583,54.885,120.0,,,,0.0,4.105,5.131,55.0,0.0,0.12,1.0,False
standard__low__busy__local_device,1,28017,synthetic_controlled_simulation,standard,low,busy,local_device,21.468,88.204,120.0,0.726349,0.126526,0.235416,0.707961,60.696,76.416,169.93,0.0,0.801834,0.418566,False
standard__low__busy__local_device,2,28017,synthetic_controlled_simulation,standard,low,busy,local_device,21.619,86.32,120.0,0.722942,0.129328,0.236661,0.703468,60.357,76.546,171.534,0.0,0.782066,0.42586,False
standard__low__busy__local_device,3,28017,synthetic_controlled_simulation,standard,low,busy,local_device,21.84,87.376,120.0,0.728141,0.127998,0.235497,0.71003,60.833,77.885,172.625,0.0,0.805132,0.417968,False
standard__low__busy__local_device,4,28017,synthetic_controlled_simulation,standard,low,busy,local_device,21.576,89.79,120.0,0.724032,0.128262,0.23622,0.704629,63.023,79.899,171.255,0.0,0.834532,0.423633,False
standard__low__busy__local_device,5,28017,synthetic_controlled_simulation,standard,low,busy,local_device,21.543,88.974,120.0,0.729212,0.129938,0.23581,0.703254,61.687,79.442,165.766,0.0,0.815576,0.426684,False
standard__low__busy__local_fallback,1,28017,synthetic_controlled_simulation,standard,low,busy,local_fallback,21.369,90.58,120.0,,,,0.0,3.723,4.653,55.0,0.0,0.1776,1.0,False
standard__low__busy__local_fallback,2,28017,synthetic_controlled_simulation,standard,low,busy,local_fallback,21.674,89.988,120.0,,,,0.0,4.063,5.079,55.0,0.0,0.1776,1.0,False
standard__low__busy__local_fallback,3,28017,synthetic_controlled_simulation,standard,low,busy,local_fallback,22.604,90.328,120.0,,,,0.0,4.098,5.122,55.0,0.0,0.1776,1.0,False
standard__low__busy__local_fallback,4,28017,synthetic_controlled_simulation,standard,low,busy,local_fallback,21.479,86.999,120.0,,,,0.0,3.814,4.768,55.0,0.0,0.1776,1.0,False
standard__low__busy__local_fallback,5,28017,synthetic_controlled_simulation,standard,low,busy,local_fallback,21.866,87.708,120.0,,,,0.0,4.284,5.356,55.0,0.0,0.1776,1.0,False
standard__balanced__idle__local_device,1,28017,synthetic_controlled_simulation,standard,balanced,idle,local_device,22.235,26.719,120.0,0.805461,0.081022,0.211382,0.861493,54.456,67.774,290.521,0.0,0.759774,0.21953,False
standard__balanced__idle__local_device,2,28017,synthetic_controlled_simulation,standard,balanced,idle,local_device,21.51,26.871,120.0,0.810251,0.088743,0.212546,0.864146,56.956,73.544,280.841,0.0,0.752527,0.224596,False
standard__balanced__idle__local_device,3,28017,synthetic_controlled_simulation,standard,balanced,idle,local_device,21.939,26.864,120.0,0.809368,0.084989,0.211748,0.856297,56.763,72.971,284.751,0.0,0.718655,0.228692,False
standard__balanced__idle__local_device,4,28017,synthetic_controlled_simulation,standard,balanced,idle,local_device,22.219,23.968,120.0,0.807897,0.085463,0.212102,0.863153,54.714,68.509,290.05,0.0,0.731913,0.22231,False
standard__balanced__idle__local_device,5,28017,synthetic_controlled_simulation,standard,balanced,idle,local_device,21.409,23.147,120.0,0.816,0.084364,0.210531,0.859714,54.9,68.954,281.037,0.0,0.76719,0.22465,False
standard__balanced__idle__local_fallback,1,28017,synthetic_controlled_simulation,standard,balanced,idle,local_fallback,22.219,24.484,120.0,,,,0.0,3.742,4.677,55.0,0.0,0.0936,1.0,False
standard__balanced__idle__local_fallback,2,28017,synthetic_controlled_simulation,standard,balanced,idle,local_fallback,21.543,23.62,120.0,,,,0.0,4.207,5.258,55.0,0.0,0.0936,1.0,False
standard__balanced__idle__local_fallback,3,28017,synthetic_controlled_simulation,standard,balanced,idle,local_fallback,21.575,21.311,120.0,,,,0.0,3.802,4.752,55.0,0.0,0.0936,1.0,False
standard__balanced__idle__local_fallback,4,28017,synthetic_controlled_simulation,standard,balanced,idle,local_fallback,21.587,22.255,120.0,,,,0.0,4.194,5.243,55.0,0.0,0.0936,1.0,False
standard__balanced__idle__local_fallback,5,28017,synthetic_controlled_simulation,standard,balanced,idle,local_fallback,22.21,22.118,120.0,,,,0.0,3.731,4.664,55.0,0.0,0.0936,1.0,False
standard__balanced__nominal__local_device,1,28017,synthetic_controlled_simulation,standard,balanced,nominal,local_device,21.81,53.312,120.0,0.812448,0.081057,0.210273,0.86095,73.551,91.297,281.313,0.0,0.97897,0.220108,False
standard__balanced__nominal__local_device,2,28017,synthetic_controlled_simulation,standard,balanced,nominal,local_device,21.879,56.751,120.0,0.811847,0.083555,0.210993,0.856618,73.729,92.812,292.118,0.0,0.969525,0.226937,False
standard__balanced__nominal__local_device,3,28017,synthetic_controlled_simulation,standard,balanced,nominal,local_device,21.721,52.982,120.0,0.804546,0.081666,0.211689,0.856443,72.617,90.89,283.526,0.0,0.952251,0.225223,False
standard__balanced__nominal__local_device,4,28017,synthetic_controlled_simulation,standard,balanced,nominal,local_device,21.963,55.236,120.0,0.81101,0.088372,0.212332,0.856309,73.211,92.068,280.919,0.0,0.91987,0.232063,False
standard__balanced__nominal__local_device,5,28017,synthetic_controlled_simulation,standard,balanced,nominal,local_device,21.924,54.963,120.0,0.815806,0.083777,0.210415,0.860243,73.996,94.848,282.651,0.0,0.922,0.223534,False
standard__balanced__nominal__local_fallback,1,28017,synthetic_controlled_simulation,standard,balanced,nominal,local_fallback,21.379,53.35,120.0,,,,0.0,3.856,4.82,55.0,0.0,0.12,1.0,False
standard__balanced__nominal__local_fallback,2,28017,synthetic_controlled_simulation,standard,balanced,nominal,local_fallback,21.455,52.665,120.0,,,,0.0,4.15,5.188,55.0,0.0,0.12,1.0,False
standard__balanced__nominal__local_fallback,3,28017,synthetic_controlled_simulation,standard,balanced,nominal,local_fallback,21.977,54.331,120.0,,,,0.0,4.059,5.074,55.0,0.0,0.12,1.0,False
standard__balanced__nominal__local_fallback,4,28017,synthetic_controlled_simulation,standard,balanced,nominal,local_fallback,22.596,55.511,120.0,,,,0.0,3.789,4.736,55.0,0.0,0.12,1.0,False
standard__balanced__nominal__local_fallback,5,28017,synthetic_controlled_simulation,standard,balanced,nominal,local_fallback,21.362,56.462,120.0,,,,0.0,3.84,4.8,55.0,0.0,0.12,1.0,False
standard__balanced__busy__local_device,1,28017,synthetic_controlled_simulation,standard,balanced,busy,local_device,21.562,90.949,120.0,0.800204,0.096564,0.216109,0.833176,103.765,132.953,285.627,0.0,1.355829,0.263389,False
standard__balanced__busy__local_device,2,28017,synthetic_controlled_simulation,standard,balanced,busy,local_device,21.591,87.42,120.0,0.79428,0.093853,0.216378,0.830827,103.351,133.62,280.328,0.0,1.392444,0.263026,False
standard__balanced__busy__local_device,3,28017,synthetic_controlled_simulation,standard,balanced,busy,local_device,21.801,89.084,120.0,0.796922,0.094499,0.216117,0.831574,107.837,138.505,284.499,0.0,1.377286,0.262926,False
standard__balanced__busy__local_device,4,28017,synthetic_controlled_simulation,standard,balanced,busy,local_device,22.544,86.14,120.0,0.79357,0.089987,0.215525,0.82842,103.009,133.292,287.791,0.0,1.371662,0.261567,False
standard__balanced__busy__local_device,5,28017,synthetic_controlled_simulation,standard,balanced,busy,local_device,22.323,88.46,120.0,0.794901,0.093982,0.216311,0.829171,108.419,137.685,285.14,0.0,1.443479,0.264811,False
standard__balanced__busy__local_fallback,1,28017,synthetic_controlled_simulation,standard,balanced,busy,local_fallback,21.822,87.736,120.0,,,,0.0,4.244,5.305,55.0,0.0,0.1776,1.0,False
standard__balanced__busy__local_fallback,2,28017,synthetic_controlled_simulation,standard,balanced,busy,local_fallback,21.426,87.472,120.0,,,,0.0,3.847,4.808,55.0,0.0,0.1776,1.0,False
standard__balanced__busy__local_fallback,3,28017,synthetic_controlled_simulation,standard,balanced,busy,local_fallback,21.842,89.139,120.0,,,,0.0,3.735,4.669,55.0,0.0,0.1776,1.0,False
standard__balanced__busy__local_fallback,4,28017,synthetic_controlled_simulation,standard,balanced,busy,local_fallback,22.628,86.968,120.0,,,,0.0,3.848,4.81,55.0,0.0,0.1776,1.0,False
standard__balanced__busy__local_fallback,5,28017,synthetic_controlled_simulation,standard,balanced,busy,local_fallback,21.303,85.04,120.0,,,,0.0,3.977,4.971,55.0,0.0,0.1776,1.0,False
standard__high__idle__local_device,1,28017,synthetic_controlled_simulation,standard,high,idle,local_device,22.51,22.124,120.0,0.835131,0.070164,0.20392,0.915505,89.112,115.547,468.708,0.0,1.251416,0.154659,False
standard__high__idle__local_device,2,28017,synthetic_controlled_simulation,standard,high,idle,local_device,22.25,25.589,120.0,0.836486,0.074383,0.204758,0.904612,90.064,116.934,463.139,0.0,1.173115,0.169772,False
standard__high__idle__local_device,3,28017,synthetic_controlled_simulation,standard,high,idle,local_device,21.811,24.957,120.0,0.833749,0.068834,0.203809,0.904692,91.501,113.896,477.036,0.0,1.197195,0.164142,False
standard__high__idle__local_device,4,28017,synthetic_controlled_simulation,standard,high,idle,local_device,22.207,25.56,120.0,0.839656,0.072708,0.203832,0.917759,94.997,122.217,475.432,0.0,1.25334,0.154949,False
standard__high__idle__local_device,5,28017,synthetic_controlled_simulation,standard,high,idle,local_device,21.54,23.77,120.0,0.839941,0.071593,0.203508,0.911153,91.254,117.478,467.127,0.0,1.248744,0.16044,False
standard__high__idle__local_fallback,1,28017,synthetic_controlled_simulation,standard,high,idle,local_fallback,21.781,22.323,120.0,,,,0.0,4.107,5.133,55.0,0.0,0.0936,1.0,False
standard__high__idle__local_fallback,2,28017,synthetic_controlled_simulation,standard,high,idle,local_fallback,22.485,23.581,120.0,,,,0.0,4.135,5.168,55.0,0.0,0.0936,1.0,False
standard__high__idle__local_fallback,3,28017,synthetic_controlled_simulation,standard,high,idle,local_fallback,21.669,24.542,120.0,,,,0.0,3.707,4.634,55.0,0.0,0.0936,1.0,False
standard__high__idle__local_fallback,4,28017,synthetic_controlled_simulation,standard,high,idle,local_fallback,22.109,24.948,120.0,,,,0.0,4.006,5.008,55.0,0.0,0.0936,1.0,False
standard__high__idle__local_fallback,5,28017,synthetic_controlled_simulation,standard,high,idle,local_fallback,22.589,25.261,120.0,,,,0.0,3.913,4.892,55.0,0.0,0.0936,1.0,False
standard__high__nominal__local_device,1,28017,synthetic_controlled_simulation,standard,high,nominal,local_device,21.624,53.334,120.0,0.839838,0.073059,0.203891,0.906975,115.964,145.576,471.428,0.0,1.551152,0.166084,False
standard__high__nominal__local_device,2,28017,synthetic_controlled_simulation,standard,high,nominal,local_device,21.752,55.5,120.0,0.834208,0.073192,0.204825,0.917106,121.691,152.578,479.819,0.0,1.58811,0.156086,False
standard__high__nominal__local_device,3,28017,synthetic_controlled_simulation,standard,high,nominal,local_device,22.337,53.853,120.0,0.833099,0.068783,0.2039,0.905751,114.396,147.729,459.555,0.0,1.538603,0.163032,False
standard__high__nominal__local_device,4,28017,synthetic_controlled_simulation,standard,high,nominal,local_device,21.596,55.124,120.0,0.83355,0.07232,0.204712,0.907363,115.222,143.248,461.474,0.0,1.564296,0.164957,False
standard__high__nominal__local_device,5,28017,synthetic_controlled_simulation,standard,high,nominal,local_device,21.331,55.123,120.0,0.836863,0.070134,0.203635,0.908675,122.018,154.811,460.462,0.0,1.531266,0.161459,False
standard__high__nominal__local_fallback,1,28017,synthetic_controlled_simulation,standard,high,nominal,local_fallback,21.35,55.675,120.0,,,,0.0,4.268,5.335,55.0,0.0,0.12,1.0,False
standard__high__nominal__local_fallback,2,28017,synthetic_controlled_simulation,standard,high,nominal,local_fallback,22.167,52.085,120.0,,,,0.0,4.0,5.0,55.0,0.0,0.12,1.0,False
standard__high__nominal__local_fallback,3,28017,synthetic_controlled_simulation,standard,high,nominal,local_fallback,22.069,52.519,120.0,,,,0.0,4.187,5.233,55.0,0.0,0.12,1.0,False
standard__high__nominal__local_fallback,4,28017,synthetic_controlled_simulation,standard,high,nominal,local_fallback,22.275,56.009,120.0,,,,0.0,4.257,5.321,55.0,0.0,0.12,1.0,False
standard__high__nominal__local_fallback,5,28017,synthetic_controlled_simulation,standard,high,nominal,local_fallback,22.679,55.578,120.0,,,,0.0,4.028,5.035,55.0,0.0,0.12,1.0,False
standard__high__busy__local_device,1,28017,synthetic_controlled_simulation,standard,high,busy,local_device,22.632,86.529,120.0,0.822011,0.082,0.208978,0.89268,171.183,218.787,464.72,0.0,2.281445,0.189319,False
standard__high__busy__local_device,2,28017,synthetic_controlled_simulation,standard,high,busy,local_device,22.298,89.321,120.0,0.823184,0.077725,0.207722,0.89338,168.805,217.432,466.114,0.0,2.242441,0.184345,False
standard__high__busy__local_device,3,28017,synthetic_controlled_simulation,standard,high,busy,local_device,21.522,89.543,120.0,0.817886,0.079212,0.208941,0.886896,170.049,216.612,468.77,0.0,2.2595,0.192315,False
standard__high__busy__local_device,4,28017,synthetic_controlled_simulation,standard,high,busy,local_device,21.988,89.951,120.0,0.820726,0.077868,0.208151,0.887405,170.299,216.198,475.678,0.0,2.338317,0.190464,False
standard__high__busy__local_device,5,28017,synthetic_controlled_simulation,standard,high,busy,local_device,22.086,87.622,120.0,0.824166,0.077977,0.207628,0.879153,174.197,225.498,473.38,0.0,2.297106,0.198824,False
standard__high__busy__local_fallback,1,28017,synthetic_controlled_simulation,standard,high,busy,local_fallback,21.644,88.822,120.0,,,,0.0,4.123,5.153,55.0,0.0,0.1776,1.0,False
standard__high__busy__local_fallback,2,28017,synthetic_controlled_simulation,standard,high,busy,local_fallback,21.813,89.386,120.0,,,,0.0,3.774,4.718,55.0,0.0,0.1776,1.0,False
standard__high__busy__local_fallback,3,28017,synthetic_controlled_simulation,standard,high,busy,local_fallback,21.783,86.244,120.0,,,,0.0,4.18,5.225,55.0,0.0,0.1776,1.0,False
standard__high__busy__local_fallback,4,28017,synthetic_controlled_simulation,standard,high,busy,local_fallback,21.82,88.208,120.0,,,,0.0,4.078,5.097,55.0,0.0,0.1776,1.0,False
standard__high__busy__local_fallback,5,28017,synthetic_controlled_simulation,standard,high,busy,local_fallback,22.541,85.865,120.0,,,,0.0,4.178,5.222,55.0,0.0,0.1776,1.0,False
capable__low__idle__local_device,1,28017,synthetic_controlled_simulation,capable,low,idle,local_device,21.481,25.81,120.0,0.742006,0.122917,0.232008,0.726597,21.947,27.952,197.847,0.0,0.519814,0.39632,False
capable__low__idle__local_device,2,28017,synthetic_controlled_simulation,capable,low,idle,local_device,22.042,22.476,120.0,0.735951,0.11774,0.231683,0.729993,20.827,25.981,195.421,0.0,0.528061,0.387747,False
capable__low__idle__local_device,3,28017,synthetic_controlled_simulation,capable,low,idle,local_device,22.008,21.324,120.0,0.736816,0.118603,0.23176,0.730561,20.946,27.004,190.985,0.0,0.553122,0.388042,False
capable__low__idle__local_device,4,28017,synthetic_controlled_simulation,capable,low,idle,local_device,21.499,25.705,120.0,0.743544,0.122589,0.23168,0.73435,20.949,26.01,200.215,0.0,0.523779,0.38824,False
capable__low__idle__local_device,5,28017,synthetic_controlled_simulation,capable,low,idle,local_device,21.665,21.514,120.0,0.740233,0.118471,0.23118,0.722558,21.942,27.415,195.699,0.0,0.522379,0.395913,False
capable__low__idle__local_fallback,1,28017,synthetic_controlled_simulation,capable,low,idle,local_fallback,22.141,26.051,120.0,,,,0.0,4.11,5.137,63.25,0.0,0.117,1.0,False
capable__low__idle__local_fallback,2,28017,synthetic_controlled_simulation,capable,low,idle,local_fallback,21.549,24.83,120.0,,,,0.0,4.026,5.033,63.25,0.0,0.117,1.0,False
capable__low__idle__local_fallback,3,28017,synthetic_controlled_simulation,capable,low,idle,local_fallback,22.553,24.381,120.0,,,,0.0,4.28,5.35,63.25,0.0,0.117,1.0,False
capable__low__idle__local_fallback,4,28017,synthetic_controlled_simulation,capable,low,idle,local_fallback,22.313,21.511,120.0,,,,0.0,4.116,5.145,63.25,0.0,0.117,1.0,False
capable__low__idle__local_fallback,5,28017,synthetic_controlled_simulation,capable,low,idle,local_fallback,22.218,23.283,120.0,,,,0.0,4.174,5.218,63.25,0.0,0.117,1.0,False
capable__low__nominal__local_device,1,28017,synthetic_controlled_simulation,capable,low,nominal,local_device,22.138,54.938,120.0,0.738225,0.119512,0.231762,0.729762,28.09,35.772,195.887,0.0,0.675455,0.389751,False
capable__low__nominal__local_device,2,28017,synthetic_controlled_simulation,capable,low,nominal,local_device,21.737,57.218,120.0,0.735507,0.117695,0.231743,0.730006,27.892,35.141,199.302,0.0,0.66387,0.387689,False
capable__low__nominal__local_device,3,28017,synthetic_controlled_simulation,capable,low,nominal,local_device,22.34,57.205,120.0,0.743284,0.122034,0.231583,0.725133,26.552,33.141,194.765,0.0,0.713945,0.396902,False
capable__low__nominal__local_device,4,28017,synthetic_controlled_simulation,capable,low,nominal,local_device,22.152,53.017,120.0,0.738803,0.123906,0.232768,0.734274,27.324,35.431,196.613,0.0,0.704158,0.389631,False
capable__low__nominal__local_device,5,28017,synthetic_controlled_simulation,capable,low,nominal,local_device,22.622,54.513,120.0,0.737292,0.123001,0.232783,0.735939,26.494,32.897,192.179,0.0,0.696607,0.387062,False
capable__low__nominal__local_fallback,1,28017,synthetic_controlled_simulation,capable,low,nominal,local_fallback,22.321,57.58,120.0,,,,0.0,4.251,5.314,63.25,0.0,0.15,1.0,False
capable__low__nominal__local_fallback,2,28017,synthetic_controlled_simulation,capable,low,nominal,local_fallback,21.809,57.474,120.0,,,,0.0,4.102,5.128,63.25,0.0,0.15,1.0,False
capable__low__nominal__local_fallback,3,28017,synthetic_controlled_simulation,capable,low,nominal,local_fallback,21.866,57.488,120.0,,,,0.0,3.818,4.773,63.25,0.0,0.15,1.0,False
capable__low__nominal__local_fallback,4,28017,synthetic_controlled_simulation,capable,low,nominal,local_fallback,22.214,55.552,120.0,,,,0.0,4.243,5.304,63.25,0.0,0.15,1.0,False
capable__low__nominal__local_fallback,5,28017,synthetic_controlled_simulation,capable,low,nominal,local_fallback,22.668,53.753,120.0,,,,0.0,3.705,4.631,63.25,0.0,0.15,1.0,False
capable__low__busy__local_device,1,28017,synthetic_controlled_simulation,capable,low,busy,local_device,21.984,85.415,120.0,0.744669,0.116756,0.230042,0.735663,41.58,53.199,193.734,0.0,1.050563,0.381093,False
capable__low__busy__local_device,2,28017,synthetic_controlled_simulation,capable,low,busy,local_device,21.77,89.951,120.0,0.737053,0.121216,0.232375,0.730024,40.746,50.941,192.237,0.0,0.977547,0.391191,False
capable__low__busy__local_device,3,28017,synthetic_controlled_simulation,capable,low,busy,local_device,22.521,86.121,120.0,0.744951,0.121428,0.231165,0.726522,39.233,48.912,190.97,0.0,1.040739,0.394906,False
capable__low__busy__local_device,4,28017,synthetic_controlled_simulation,capable,low,busy,local_device,22.47,90.239,120.0,0.737385,0.121692,0.232441,0.729597,39.094,49.787,193.288,0.0,1.010915,0.392094,False
capable__low__busy__local_device,5,28017,synthetic_controlled_simulation,capable,low,busy,local_device,22.183,89.327,120.0,0.739174,0.11656,0.230872,0.728186,39.252,50.95,197.623,0.0,1.020898,0.388373,False
capable__low__busy__local_fallback,1,28017,synthetic_controlled_simulation,capable,low,busy,local_fallback,21.39,88.101,120.0,,,,0.0,3.713,4.642,63.25,0.0,0.222,1.0,False
capable__low__busy__local_fallback,2,28017,synthetic_controlled_simulation,capable,low,busy,local_fallback,22.526,86.792,120.0,,,,0.0,3.947,4.934,63.25,0.0,0.222,1.0,False
capable__low__busy__local_fallback,3,28017,synthetic_controlled_simulation,capable,low,busy,local_fallback,21.491,88.895,120.0,,,,0.0,4.139,5.174,63.25,0.0,0.222,1.0,False
capable__low__busy__local_fallback,4,28017,synthetic_controlled_simulation,capable,low,busy,local_fallback,21.947,88.577,120.0,,,,0.0,3.892,4.866,63.25,0.0,0.222,1.0,False
capable__low__busy__local_fallback,5,28017,synthetic_controlled_simulation,capable,low,busy,local_fallback,22.435,85.595,120.0,,,,0.0,4.247,5.309,63.25,0.0,0.222,1.0,False
capable__balanced__idle__local_device,1,28017,synthetic_controlled_simulation,capable,balanced,idle,local_device,21.417,24.612,120.0,0.812599,0.084092,0.211007,0.856728,35.315,45.233,326.966,0.0,0.91392,0.227364,False
capable__balanced__idle__local_device,2,28017,synthetic_controlled_simulation,capable,balanced,idle,local_device,22.289,25.428,120.0,0.814665,0.082178,0.210198,0.855342,37.146,48.074,335.449,0.0,0.942996,0.226835,False
capable__balanced__idle__local_device,3,28017,synthetic_controlled_simulation,capable,balanced,idle,local_device,22.557,24.563,120.0,0.815466,0.087198,0.211325,0.854603,37.358,47.685,323.335,0.0,0.956053,0.232596,False
capable__balanced__idle__local_device,4,28017,synthetic_controlled_simulation,capable,balanced,idle,local_device,21.654,25.206,120.0,0.807803,0.087723,0.212682,0.861638,35.868,44.578,333.339,0.0,0.919603,0.226085,False
capable__balanced__idle__local_device,5,28017,synthetic_controlled_simulation,capable,balanced,idle,local_device,21.533,25.903,120.0,0.811558,0.086133,0.211684,0.863521,35.292,44.202,334.105,0.0,0.910733,0.222612,False
capable__balanced__idle__local_fallback,1,28017,synthetic_controlled_simulation,capable,balanced,idle,local_fallback,21.777,25.049,120.0,,,,0.0,4.239,5.298,63.25,0.0,0.117,1.0,False
capable__balanced__idle__local_fallback,2,28017,synthetic_controlled_simulation,capable,balanced,idle,local_fallback,22.248,25.645,120.0,,,,0.0,3.803,4.754,63.25,0.0,0.117,1.0,False
capable__balanced__idle__local_fallback,3,28017,synthetic_controlled_simulation,capable,balanced,idle,local_fallback,22.138,25.431,120.0,,,,0.0,4.132,5.165,63.25,0.0,0.117,1.0,False
capable__balanced__idle__local_fallback,4,28017,synthetic_controlled_simulation,capable,balanced,idle,local_fallback,21.441,23.361,120.0,,,,0.0,3.811,4.763,63.25,0.0,0.117,1.0,False
capable__balanced__idle__local_fallback,5,28017,synthetic_controlled_simulation,capable,balanced,idle,local_fallback,21.669,23.974,120.0,,,,0.0,4.003,5.003,63.25,0.0,0.117,1.0,False
capable__balanced__nominal__local_device,1,28017,synthetic_controlled_simulation,capable,balanced,nominal,local_device,22.419,57.386,120.0,0.811627,0.085299,0.211464,0.855502,47.763,59.686,323.642,0.0,1.18526,0.229797,False
capable__balanced__nominal__local_device,2,28017,synthetic_controlled_simulation,capable,balanced,nominal,local_device,21.977,57.092,120.0,0.814702,0.088356,0.211737,0.866669,48.035,61.657,321.18,0.0,1.23147,0.221687,False
capable__balanced__nominal__local_device,3,28017,synthetic_controlled_simulation,capable,balanced,nominal,local_device,21.454,56.646,120.0,0.81423,0.088897,0.211947,0.857874,48.146,59.873,320.805,0.0,1.207095,0.231023,False
capable__balanced__nominal__local_device,4,28017,synthetic_controlled_simulation,capable,balanced,nominal,local_device,21.728,53.618,120.0,0.808016,0.087557,0.212607,0.85851,46.81,60.636,335.12,0.0,1.150012,0.229047,False
capable__balanced__nominal__local_device,5,28017,synthetic_controlled_simulation,capable,balanced,nominal,local_device,21.431,56.91,120.0,0.807556,0.08685,0.212504,0.865709,46.944,60.294,321.169,0.0,1.142387,0.221141,False
capable__balanced__nominal__local_fallback,1,28017,synthetic_controlled_simulation,capable,balanced,nominal,local_fallback,21.779,53.408,120.0,,,,0.0,4.124,5.155,63.25,0.0,0.15,1.0,False
capable__balanced__nominal__local_fallback,2,28017,synthetic_controlled_simulation,capable,balanced,nominal,local_fallback,21.344,53.501,120.0,,,,0.0,4.233,5.291,63.25,0.0,0.15,1.0,False
capable__balanced__nominal__local_fallback,3,28017,synthetic_controlled_simulation,capable,balanced,nominal,local_fallback,22.44,57.222,120.0,,,,0.0,4.044,5.055,63.25,0.0,0.15,1.0,False
capable__balanced__nominal__local_fallback,4,28017,synthetic_controlled_simulation,capable,balanced,nominal,local_fallback,22.304,56.075,120.0,,,,0.0,4.264,5.33,63.25,0.0,0.15,1.0,False
capable__balanced__nominal__local_fallback,5,28017,synthetic_controlled_simulation,capable,balanced,nominal,local_fallback,22.513,57.034,120.0,,,,0.0,3.827,4.784,63.25,0.0,0.15,1.0,False
capable__balanced__busy__local_device,1,28017,synthetic_controlled_simulation,capable,balanced,busy,local_device,22.586,90.784,120.0,0.808946,0.084574,0.211712,0.858035,70.47,88.857,321.48,0.0,1.709968,0.226539,False
capable__balanced__busy__local_device,2,28017,synthetic_controlled_simulation,capable,balanced,busy,local_device,22.385,88.716,120.0,0.813532,0.081928,0.210317,0.857603,69.106,88.404,329.235,0.0,1.710074,0.224326,False
capable__balanced__busy__local_device,3,28017,synthetic_controlled_simulation,capable,balanced,busy,local_device,21.849,89.645,120.0,0.813221,0.087988,0.211882,0.865101,69.722,90.371,323.896,0.0,1.801077,0.222887,False
capable__balanced__busy__local_device,4,28017,synthetic_controlled_simulation,capable,balanced,busy,local_device,21.89,90.47,120.0,0.806019,0.087988,0.213034,0.857726,71.095,89.816,325.239,0.0,1.793445,0.230262,False
capable__balanced__busy__local_device,5,28017,synthetic_controlled_simulation,capable,balanced,busy,local_device,21.865,87.372,120.0,0.815289,0.081872,0.210022,0.86091,69.805,88.583,335.24,0.0,1.795165,0.220962,False
capable__balanced__busy__local_fallback,1,28017,synthetic_controlled_simulation,capable,balanced,busy,local_fallback,21.311,85.86,120.0,,,,0.0,3.977,4.971,63.25,0.0,0.222,1.0,False
capable__balanced__busy__local_fallback,2,28017,synthetic_controlled_simulation,capable,balanced,busy,local_fallback,21.333,89.713,120.0,,,,0.0,4.076,5.094,63.25,0.0,0.222,1.0,False
capable__balanced__busy__local_fallback,3,28017,synthetic_controlled_simulation,capable,balanced,busy,local_fallback,22.07,87.403,120.0,,,,0.0,3.939,4.923,63.25,0.0,0.222,1.0,False
capable__balanced__busy__local_fallback,4,28017,synthetic_controlled_simulation,capable,balanced,busy,local_fallback,22.692,89.097,120.0,,,,0.0,4.218,5.273,63.25,0.0,0.222,1.0,False
capable__balanced__busy__local_fallback,5,28017,synthetic_controlled_simulation,capable,balanced,busy,local_fallback,21.807,90.954,120.0,,,,0.0,3.743,4.679,63.25,0.0,0.222,1.0,False
capable__high__idle__local_device,1,28017,synthetic_controlled_simulation,capable,high,idle,local_device,22.124,21.464,120.0,0.838894,0.071319,0.203607,0.906261,59.973,74.769,546.694,0.0,1.54342,0.165059,False
capable__high__idle__local_device,2,28017,synthetic_controlled_simulation,capable,high,idle,local_device,22.162,24.042,120.0,0.840713,0.069101,0.202761,0.904728,61.211,78.016,528.872,0.0,1.499783,0.164373,False
capable__high__idle__local_device,3,28017,synthetic_controlled_simulation,capable,high,idle,local_device,21.719,22.881,120.0,0.838005,0.0706,0.203569,0.908014,58.319,73.777,544.648,0.0,1.557263,0.162586,False
capable__high__idle__local_device,4,28017,synthetic_controlled_simulation,capable,high,idle,local_device,22.389,23.591,120.0,0.829482,0.071649,0.205195,0.909957,57.892,74.019,553.607,0.0,1.539916,0.161692,False
capable__high__idle__local_device,5,28017,synthetic_controlled_simulation,capable,high,idle,local_device,21.78,21.258,120.0,0.837144,0.073727,0.204489,0.905923,61.152,78.025,530.608,0.0,1.570837,0.167804,False
capable__high__idle__local_fallback,1,28017,synthetic_controlled_simulation,capable,high,idle,local_fallback,22.692,22.922,120.0,,,,0.0,4.072,5.09,63.25,0.0,0.117,1.0,False
capable__high__idle__local_fallback,2,28017,synthetic_controlled_simulation,capable,high,idle,local_fallback,21.909,23.326,120.0,,,,0.0,4.155,5.194,63.25,0.0,0.117,1.0,False
capable__high__idle__local_fallback,3,28017,synthetic_controlled_simulation,capable,high,idle,local_fallback,22.493,22.726,120.0,,,,0.0,4.134,5.167,63.25,0.0,0.117,1.0,False
capable__high__idle__local_fallback,4,28017,synthetic_controlled_simulation,capable,high,idle,local_fallback,22.505,25.409,120.0,,,,0.0,3.732,4.665,63.25,0.0,0.117,1.0,False
capable__high__idle__local_fallback,5,28017,synthetic_controlled_simulation,capable,high,idle,local_fallback,21.943,23.683,120.0,,,,0.0,4.18,5.225,63.25,0.0,0.117,1.0,False
capable__high__nominal__local_device,1,28017,synthetic_controlled_simulation,capable,high,nominal,local_device,21.539,53.122,120.0,0.837957,0.071716,0.203856,0.902228,78.254,100.345,529.405,0.0,1.881824,0.169488,False
capable__high__nominal__local_device,2,28017,synthetic_controlled_simulation,capable,high,nominal,local_device,22.146,57.673,120.0,0.829048,0.071964,0.205343,0.911569,75.075,95.282,535.098,0.0,2.001223,0.160395,False
capable__high__nominal__local_device,3,28017,synthetic_controlled_simulation,capable,high,nominal,local_device,21.533,55.105,120.0,0.838479,0.069071,0.203111,0.907513,77.736,99.725,542.661,0.0,1.924926,0.161558,False
capable__high__nominal__local_device,4,28017,synthetic_controlled_simulation,capable,high,nominal,local_device,22.335,54.38,120.0,0.835413,0.069721,0.203764,0.904096,75.564,95.989,546.406,0.0,1.887283,0.165624,False
capable__high__nominal__local_device,5,28017,synthetic_controlled_simulation,capable,high,nominal,local_device,21.525,55.842,120.0,0.839283,0.070857,0.203429,0.914034,76.677,97.863,548.669,0.0,1.900278,0.156824,False
capable__high__nominal__local_fallback,1,28017,synthetic_controlled_simulation,capable,high,nominal,local_fallback,22.082,54.548,120.0,,,,0.0,3.777,4.722,63.25,0.0,0.15,1.0,False
capable__high__nominal__local_fallback,2,28017,synthetic_controlled_simulation,capable,high,nominal,local_fallback,22.693,53.875,120.0,,,,0.0,4.116,5.145,63.25,0.0,0.15,1.0,False
capable__high__nominal__local_fallback,3,28017,synthetic_controlled_simulation,capable,high,nominal,local_fallback,22.114,54.231,120.0,,,,0.0,4.291,5.364,63.25,0.0,0.15,1.0,False
capable__high__nominal__local_fallback,4,28017,synthetic_controlled_simulation,capable,high,nominal,local_fallback,22.682,54.137,120.0,,,,0.0,3.964,4.955,63.25,0.0,0.15,1.0,False
capable__high__nominal__local_fallback,5,28017,synthetic_controlled_simulation,capable,high,nominal,local_fallback,21.965,53.154,120.0,,,,0.0,3.922,4.903,63.25,0.0,0.15,1.0,False
capable__high__busy__local_device,1,28017,synthetic_controlled_simulation,capable,high,busy,local_device,22.171,85.872,120.0,0.830819,0.06927,0.204387,0.911712,110.326,141.307,547.474,0.0,2.905161,0.157559,False
capable__high__busy__local_device,2,28017,synthetic_controlled_simulation,capable,high,busy,local_device,22.0,89.529,120.0,0.834838,0.072639,0.204586,0.9079,112.374,143.853,539.297,0.0,2.918335,0.164739,False
capable__high__busy__local_device,3,28017,synthetic_controlled_simulation,capable,high,busy,local_device,22.234,87.534,120.0,0.84068,0.073441,0.203852,0.916194,114.109,144.961,528.849,0.0,2.819387,0.157247,False
capable__high__busy__local_device,4,28017,synthetic_controlled_simulation,capable,high,busy,local_device,22.7,87.231,120.0,0.840096,0.069733,0.203018,0.913452,113.05,146.702,550.868,0.0,2.801452,0.156282,False
capable__high__busy__local_device,5,28017,synthetic_controlled_simulation,capable,high,busy,local_device,21.907,89.049,120.0,0.831182,0.075399,0.205861,0.902833,115.536,148.71,530.698,0.0,2.945956,0.172566,False
capable__high__busy__local_fallback,1,28017,synthetic_controlled_simulation,capable,high,busy,local_fallback,21.92,89.684,120.0,,,,0.0,4.138,5.173,63.25,0.0,0.222,1.0,False
capable__high__busy__local_fallback,2,28017,synthetic_controlled_simulation,capable,high,busy,local_fallback,22.128,87.08,120.0,,,,0.0,3.837,4.796,63.25,0.0,0.222,1.0,False
capable__high__busy__local_fallback,3,28017,synthetic_controlled_simulation,capable,high,busy,local_fallback,21.88,86.105,120.0,,,,0.0,4.071,5.088,63.25,0.0,0.222,1.0,False
capable__high__busy__local_fallback,4,28017,synthetic_controlled_simulation,capable,high,busy,local_fallback,22.11,89.877,120.0,,,,0.0,3.887,4.859,63.25,0.0,0.222,1.0,False
capable__high__busy__local_fallback,5,28017,synthetic_controlled_simulation,capable,high,busy,local_fallback,21.698,89.648,120.0,,,,0.0,4.062,5.078,63.25,0.0,0.222,1.0,False
