component_id,name,trust_zone,owner,allowed_input,allowed_output,source_of_truth,forbidden_data,planned_prs,status
edge-browser,Navegador Edge,TB-EDGE,frontend-edge,"permiso; consentimiento; frame efímero; interacción","rasgos mínimos; métricas de tarea; observabilidad","no","frames fuera del dispositivo; secretos; identidad autoritativa",PR05|PR15|PR17|PR18|PR25|PR27,CANDIDATE_BLOCKED_G0
next-bff,BFF y proxy Next.js,TB-WEB,frontend,"JWT; solicitud web; evento derivado","solicitud normalizada a Django","no","decisiones de autorización; material visual crudo; secretos en cliente",PR03|PR05|PR10,CANDIDATE_BLOCKED_G0
django-api,Django REST,TB-API,backend-security,"JWT; identidad de servicio; contrato versionado","respuesta autorizada; transacción; evento","sí: identidad autorización y estado de aplicación","confianza en user_id rol curso o institución enviados por cliente",PR03|PR04|PR06|PR10,CANDIDATE_BLOCKED_G0
redis-streams,Redis Streams,TB-ASYNC,backend-platform,"evento derivado versionado e idempotente","entrega ack pending y DLQ no visual","no","frames; imágenes; video; audio; secretos; PII",PR11|PR12|PR13,CANDIDATE_BLOCKED_G0
temporal-engine,Motor temporal,TB-ASYNC,ml-research,"secuencia autorizada; estado anterior","estado derivado; incertidumbre; versión","no","diagnóstico; decisión educativa; identidad directa",PR19|PR20|PR21|PR22|PR23|PR24,CANDIDATE_BLOCKED_G0
postgresql,PostgreSQL,TB-API,backend-custodian,"transacción autorizada","datos relacionales; confirmación de commit","sí: persistencia relacional","material visual crudo por defecto; secretos; joins demográficos permanentes",PR08|PR10|PR14,CANDIDATE_BLOCKED_G0
model-registry,Registro de modelos,TB-RESEARCH,ml,"artefacto; configuración; hash; métricas","versión reproducible; estado de promoción","sí: procedencia de modelo","PII; frames; credenciales; aprobación implícita",PR09|PR22|PR25,CANDIDATE_BLOCKED_G0
demographic-vault,Bóveda demográfica,TB-RESEARCH,privacy-custodian,"atributos voluntarios consentidos y seudonimizados","join temporal controlado","sí: atributos demográficos consentidos","uso operativo; acceso docente; identificadores directos",PR33|PR34,CANDIDATE_BLOCKED_G0
ml-service,Servicio ML de rasgos derivados,TB-ASYNC,ml-security,"rasgos mínimos; identidad de servicio; sesión autorizada","predicción; incertidumbre; unknown","no","material crudo por defecto; JWT usuario; administración; exports",PR04|PR09|PR17|PR21,CANDIDATE_BLOCKED_G0
